SMILES,SMILES_state,NLL
Cc1c(COc2cccc(COc3c(Cl)cc(CNCC(=O)O)cc3Cl)c2CNC(CO)C(=O)O)ccnc1-c1ccc2c(c1)OCCO2,1,29.62
Cc1c(CNCc2cn(-c3cccc(-c4ccccc4)c3Cl)nc2C(N)=O)cccc1-c1ccccc1,1,23.32
Cc1cc(CN2CCCNC2c2ccccn2)ccc1OCc1cccc(-c2ccccc2)c1C,1,28.56
COc1c(NC(=O)c2cc(O)n(C)c2)ccc(-c2cccc(NC(=O)c3ccc(CNCCN(C)C)c(OCc4cccc(C#N)c4)c3)c2C)c1F,1,35.43
COCCC1(CNS(N)(=O)=O)Cc2ccccc2C(=O)N1,1,25.42
COc1ccc(CN2CCCC(O)(CN(C)C(C)=O)C2)c(F)c1C,1,33.26
COCc1nc(CN2CCC(N=c3nc(CN4CCOCC4C)cc(Oc4cccc(C)c4C)[nH]3)CC2)c(C)o1,1,43.21
CCOc1ccccc1-c1cccc(C(=O)c2ccc(OCC(=O)O)c(C)c2)c1,1,30.04
COc1nc(-c2cccc(-c3cnnc4[nH]c(C5=CCNCC5)cc34)c2Cl)ccc1C1=NCCN1,1,25.48
O=C(O)c1cccc(C=Nn2c(=O)c3c(c4c5ncccc5[nH]c42)CCCC3)c1,1,42.39
COc1nc(-c2cccc(-c3cccc(-c4cnc(CN5CC(C(F)(F)F)OCC5C)c(OC)n4)c3Cl)c2Cl)cnc1CN1CC(O)C(O)C1,1,22.11
Cc1c(C(=O)Nc2ccc(Cl)c(OCc3nnc(-c4cccs4)o3)c2)cccc1-c1ccccc1,1,33.73
O=C(Cc1cccc(-c2ccccc2)c1Cl)N1CCCCC1,1,23.34
COc1nc(OCC#N)nc(N2CC3C(c4ccc(C#N)c(-c5ccccc5)c4)C4C(=O)OCC34C2)n1,1,43.6
CC(NCc1ccc(Cl)c(N=c2[nH]c3cc(C(=O)NCCNCc4ccc(CNCCO)nc4)c(OCC(F)(F)F)cc3n2C)c1Cl)C(C)(C)C,1,33.19
COc1nc(-c2cccc(-c3cccc(NC(=O)CN4CCCC4C)c3)c2C)cnc1CN1CCCCC1,1,31.58
N#Cc1ccc(CN2CCC(O)CC2)cc1-c1ccccc1,1,21.38
COc1nc(-c2cccc(-c3ccc(-c4ccc5c(c4)OCCO5)c(Cl)c3OCC(C)CO)c2Cl)cnc1CNCC1CCC(=O)N1,1,26.65
O=C(O)CNCc1c(Cl)ccc(CNC(=O)C2C(O)CN2C(=O)c2nc(-c3cccc(Cl)c3Cl)ccc2Cl)c1F,1,39.56
COC(=O)c1cn(Cc2ccc(-c3ccccc3)cc2)c2cccc(C=NNC(=O)c3ccc4c(c3)OCO4)c12,1,38.11
COc1nc(-c2ccc(-c3ccc4c(c3)OCCO4)s2)cnc1CNCc1cccc(C(N)=O)c1,1,24.88
COc1nc(NCCN(C)C(C)C)cnc1CNC(C)C(=O)O,1,32.27
CC1=Nc2ccc(Cl)cc2C(c2ccccc2)N1CC1CCCN1C,1,22.95
CC(C)COC(=O)N1C2CCC1CN(c1nccc(OCc3c(Cl)ccc(-c4ccccc4)c3Cl)n1)C2,1,30.07
COc1ccc(N2CCN(S(=O)(=O)c3cc4[nH]c(=O)c(=O)[nH]c4cc3Cl)CC2)cc1,1,26.98
Cc1ccccc1-c1ccc(CN2c3ccccc3OC3CCCCC32)nc1,1,31.12
COc1nc(-c2cccc(-c3cccc(-c4ccnc(Oc5cccc(CNC(CO)C(=O)O)c5)n4)c3C)c2Cl)cnc1CNCC1CCC(=O)N1,1,29.38
O=C1COc2c(F)c(-c3ccc4c(c3)OCCO4)c(F)c(F)c2N1,1,24.06
O=C1OCC(CC2CCC(=O)N2Cc2ccc(OCc3cccc(-c4ccccc4)c3Br)cc2)=CC1c1ccccc1Cl,1,40.26
CC(C)=NOCc1c(C)cc(-c2ccccc2)c(COc2cc(OCc3cccc(C#N)c3)c(CNCC(=O)O)cc2Cl)c1C,1,33.17
Cc1nc(C=NNC(=O)c2ccccc2O)c(C(=O)O)nc1C,1,25.44
CC1(C)Cc2c([nH]c3cc(CO)nc(-c4ccccc4)c23)CS1,1,34.0
CC(=O)NCCNCc1cc(N=c2cc[nH]c3cc(Cl)ccc23)cc(NC(C)=O)c1,1,24.28
COc1cc(-c2cnco2)c(OC)cc1NCc1cccc(-c2ccccn2)n1,1,27.81
COc1nc(OCc2cc(C)ccc2-c2cccc(-c3cnc(CNCC4CCC(=O)N4)c(OC)n3)c2)ccc1CNCC(=O)O,1,28.17
Cn1c(-c2ccccc2)c(C=O)c2ccc(Br)cc21,1,24.09
CC(=O)NCC1CCCN2CCc3c(-c4ccccc4)cccc3C12,1,23.3
COc1cc(-c2ncc3cc(C4CCCCC4)n(CCN4CCOCC4)c3n2)c2ccccc2n1,1,40.1
C=CC1C(O)C(O)C(N)C(OC2OC(CN)CCC2N)C1O,1,29.36
Cc1cc(N(Cc2ccc(C(C)(C)C)cc2)Cc2cccc(C(=O)O)c2)ccc1CN1c2ccc(Cl)cc2CNS1(=O)=O,1,45.36
COc1nc2ccccc2c(CO)c1CO,1,16.71
Cc1c(CN2CCCCC2CC(=O)O)cccc1-c1ccccc1,1,19.27
O=C(NC(CO)(CO)Cc1ccccc1)c1ccc(Cl)c(OCc2ccc3nonc3c2)c1,1,30.45
Cc1cc(C(=O)Nc2cc(-c3cccc(NS(=O)(=O)c4cc(C)c(OCC(=O)O)cc4C)c3C)ccc2C)ncc1CNC1CCC(O)CC1,1,42.23
Cc1c(COc2ccc(N3C(=O)c4ccccc4S3(=O)=O)cc2OCC(O)C(C)(C)C)cccc1-c1ccccc1,1,35.09
COc1c(OCc2cccc(-c3ccccc3)c2C(=O)O)cc(Cn2c(C)c(C)c3cc(OCc4cccc(-c5ncc(CNCCO)cn5)c4)ccc32)cc1OC1CCCC1,1,47.76
O=C(NCC1CCOC1)c1cc(CNCC(=O)N2CCCC2CO)ccc1Nc1cncnc1,1,34.61
Cn1c(CNc2cccc(-c3ccc4c(c3)OCCO4)c2Cl)nc2ccc(CNCCO)nc21,1,25.92
O=C1NC(CNS(=O)(=O)c2cc(CNC(CO)(CO)CO)c(Br)cc2SCc2ccccc2Cl)CO1,1,38.95
Cc1c(COc2cccc(COc3oc(CO)cc3O)c2)cccc1-c1ccc2ccccc2n1,1,33.23
CCOc1cc(CNCCO)cc(NC(=O)COc2cccc(CNCc3noc(-c4cccc(-c5ccccc5)c4C)n3)c2N(C)C)c1,1,47.52
Cc1cc(CN2CCC(C(=O)O)C2)cc(C)c1OCC(O)CN1CCNC(CO)C1,1,33.14
COC(=O)c1c(COC(=O)C=Cc2ccc(OC(C)=O)c(OC(C)=O)c2)c(O)n(Cc2ccccc2)c1COc1cccc(Br)c1,1,44.01
N#Cc1c(-c2ccccc2)nc(SCc2ccccc2)nc1N1CCOCC1,1,16.91
Cc1ccc(C=C2CC(C)(C)c3ncc(C(=O)O)cc32)cc1,1,28.51
Cc1c(CNCCC(=O)O)cccc1-c1nc(N2CC(O)C(CO)C2)ncc1Cl,1,33.12
COc1nc(-c2ccc(C)c(NS(=O)(=O)c3cc(C)c(C)cc3C)c2F)ccc1CNCCNC(C)=O,1,28.9
Cc1c(COc2ccc(CNCCNC(=O)OC(C)(C)C)cc2)cccc1-c1ccc(Cl)c(OCC2Oc3cccnc3NC2=O)c1Br,1,34.18
O=C(NCC[S+]([O-])c1cccc2c(-c3ccccc3)cccc12)C(F)(F)F,1,31.1
COC1C(O)CC(O)C1O,1,18.57
NC(=O)c1c(C(=O)O)nn(-c2cccc([N+](=O)[O-])c2)c1-c1ccccc1,1,27.27
COc1nc(-c2cccc(-c3cccc(-c4cnc(CNCC5CCC(=O)N5)c(OC)n4)c3Cl)c2Cl)ncc1C1CN2CCCC2C(=O)N1,1,22.31
NCCCC(NC(=O)OCc1ccccc1)C(=O)NCCCCCCCCNC(=O)C(Cc1ccc(O)cc1)NC(=O)Cc1c[nH]c2ccccc12,1,42.5
CCCCCN1C(=O)c2cccc(Nc3ccc(-c4cccnc4)c(OC)c3)c2C1=O,1,34.44
COc1cc(C2(NCC34CC5CC(CC(C5)C3)C4)CCc3sccc3C2)cnc1C(=O)NCCO,1,45.01
Brc1cn(-c2cccc(-c3ccccc3)c2)cn1,1,22.85
CC(=O)OC1C(O)CC(O)(C(=O)O)OC1OC1CCC2(C)C(=CCC3C2CCC2(C)C3CCC2(C)OCCO)C1,1,39.25
Cc1cc(C(=O)C=Cc2ccc(-c3ccccc3)cc2)c(C)o1,1,24.22
COc1cc(OCc2cccc(C3(O)CCOCC3)c2)c(Cl)cc1CNC(=N)N,1,26.69
Cn1c(C(=O)NCC2CCCO2)cc2sccc21,1,23.01
COCCNCc1ccc(-c2cccc(-c3cnc(CN4CC(C)(CO)C4)c(OC)n3)c2Cl)cc1,1,19.67
COc1nc(-c2cccc(-c3cnc(CNCC4CCC(=O)N4)c(OC)n3)c2Cl)cnc1CNCCCNC(=O)Nc1ccc(Cl)cc1,1,28.81
CCC1COCCN1c1cc(N=S(C)(C)=O)nc(-c2ccc(F)c(C3COCC(=O)N3)c2)n1,1,30.32
COc1ccc(-c2ccn3c(-c4cccc(N(C)C)n4)cnc3n2)c(C)n1,1,32.89
CC=C(C)C1OC=C2C3Cc4c(O)c(COC(C)=O)c(OC)c(O)c4C(NCCO)(C2C=C1C)C3O,1,54.64
CC(O)CC(=O)NC1N=C(N(C)C)Nc2nc(N3CCOCC3C)cc(OCc3ccccc3)c21,1,41.71
COC(=O)c1ccc(OCC(C)(O)CO)cc1OCc1ccc2oc(-c3cccc(CN4CCC(C(=O)O)C4)c3)c(Cl)c2c1,1,44.07
COCCOc1ccc(CN2CC(O)C(O)C2CO)cc1-c1ccccc1Cl,1,31.94
CC(=O)NCCNCc1ccc(-c2ccc3nc4ccccc4nc3c2)nc1,1,28.86
COc1cc(C=NNC(=O)C(C)ON2C(=O)c3ccccc3C2=O)cc(OC)c1O,1,26.7
COc1c(C(O)c2cc(C)c(O)c(C)c2)c(C=O)cc2c1C1(C)CCCC(C)(COC(C)=O)C1C(O)O2,1,43.8
NC(N)=NN=Cc1ccccc1OCc1cn(-c2ccnc3cc(Cl)ccc23)nn1,1,24.07
N#Cc1cccc(COc2cc(OCc3cccc(-c4cccc(Cl)c4Cl)c3)ccc2CNC(CO)C(=O)O)c1,1,30.84
Cn1cncc1C(=O)Nc1cccc2c1C(=O)N(Cc1cccc(CNC(=O)C(F)(F)F)c1)C2=O,1,35.45
N#Cc1ccc(CN2CCC(=O)N(C(CO)Cc3cccc(-c4cccc(C#N)c4)c3)CC2)cc1,1,22.82
Cc1nc(C(NS(=O)(=O)c2c(Cl)cc(Cl)c(COc3cccn4c(Br)c(C)nc34)c2Cl)C(C)C)sc1CO,1,34.72
Cc1c(COc2ccc(Nc3ccccc3C(N)=O)cc2)cccc1-c1ccccc1,1,19.96
COc1nc(-c2cccc(-c3cccc(-c4cnc5cc(CNCCNC(C)=O)ccc5n4)c3Cl)c2Cl)cnc1CN1CCC1,1,25.62
COc1ccc(-c2cccc3c2CCC3Oc2nc(OC)cc(OC)n2)cn1,1,24.01
COc1cc(Cl)c(CNCCO)cc1-c1cccc(-c2ccc(CNCC3CNCC(CNCC4CCOCC4)N3)nc2)c1Cl,1,42.41
CCN(CC)Cc1c(OC)c(Br)c2c(c1OC)-c1c(cc(OC)c3c1OCO3)NC(=O)C2,1,33.45
CC(CO)NCc1ccccc1Sc1ccc2[nH]cnc(=Nc3ccc(F)c(Cl)c3F)c2c1,1,30.39
COc1nc(-c2cccc(-c3ccc(-c4noc(C)n4)cc3)c2Cl)cnc1CNCC1CCC(=O)N1,1,17.43
Cn1ncc(-c2ccc(CNC(CC(=O)O)C(=O)O)c(OCc3cccc(C#N)c3)c2)c1-c1ccc2c(c1)OCCO2,1,31.16
COCc1ccc(-c2cc(-c3ccc(CNCCNC(C)=O)c(OC)c3)c(C)c(CN)n2)c(C)c1,1,38.98
COc1cccc2c(-c3ccccc3)cccc12,1,19.02
Cc1c(-c2ccc3sc(CNCC4CCC(=O)N4)c(C)c3c2)ccc(F)c1CNC1(CC(=O)O)CC1,1,36.17
COCCNCc1ccc(-c2cccc(-c3cccc(-c4cnc(CN5CCOC(C(F)(F)F)C5)nc4)c3Cl)c2Cl)c(Cl)c1O,1,41.27
Cc1c(CN2CCC(N)CC2)cccc1-c1cccc2nc(C(=O)O)cn12,1,30.32
COc1ccc(N2CC(Oc3ccc(C(C)NC(C)=O)cc3)C2)nc1OC,1,19.25
COc1cnc(C(=O)Nc2cccc(-c3cccc(NC(=O)c4ccc(CNCCO)cn4)c3C)c2)c(C)c1-c1ccccc1,1,31.85
CC(=O)NCc1cccc(-c2nnc3ccc(SCC(=O)Nc4ccc5c(c4)OCCO5)nn23)c1,1,28.76
COc1cc(C(N)=O)ccc1COc1ccc(C(=N)N)c(F)c1,1,26.49
CC(=O)NCCCCN(O)CCCN,1,27.13
Cc1cccc(-c2nc(-c3ccccn3)ncc2CN2C(C)COCC2C)c1,1,25.44
CCn1ncc(-c2ccc3cc(CNC(C)(CO)CO)nc(-c4cccc(-c5cc(CNC(C)C(=O)O)nc(CN(C)CCO)c5Cl)c4Cl)c3c2)c1C,1,62.98
COc1nc(OCc2cccc(C#N)c2)cc(OCc2ccnc(-c3cccc(-c4ccccc4)c3C)c2Cl)n1,1,24.11
CC(C)(CO)NCc1ccc2c(c1)CC(Nc1ccc(Cl)c(-c3ncc(CNCc4ncc(CO)cn4)cn3)c1Cl)N2,1,52.68
COc1cc(Cn2c(=NCc3ccco3)ccn(Cc3cc(C)c(OCc4cccc(-c5ccccc5)c4Br)cc3F)c2=O)ccc1CNCCO,1,41.0
CN(Cc1ccc(Cl)c(Br)c1)C(=O)C1CC(CN=c2[nH]nc(-c3ccc4c(c3)OCCO4)cc2F)C1,1,43.91
CCOC(C=O)n1c(CO)c(CO)c2cc(OCc3cccc(-c4cccc(OCCN5CCOCC5)c4C)c3)c(C)cc21,1,51.68
COc1cc(C(=O)Nc2cccc(C(=O)O)c2)ccc1CNC(C)=O,1,24.78
COc1nc(-c2cccc(-c3cccc(-c4cnc(CNCC5CCC(=O)N5)c(OC)n4)c3Cl)c2Cl)ccc1CNCc1cccnc1,1,18.54
COc1cc(CO)c(C#N)c2ccc(-c3nc(C#N)nc(-c4ccc(CNCc5nccn5C)nc4)c3Cl)cc12,1,44.74
NCc1ccc(NC(=O)c2cccc(-c3ccccc3)c2Cl)c(Cl)c1,1,21.52
C#CC(O)C1CCC2C3CCC4CC(O)CCC4(C)C3CCC12C,1,21.8
Cn1c(COc2cccc(OCC3(C)NN(c4ccc(C(=O)NCc5cccnc5)cc4)C(=O)O3)c2)nnc(C2CC2c2ccccc2)c1=O,1,56.18
Cc1cc(=O)oc2c(C)c(OCCNCCn3cccn3)ccc12,1,26.75
OCC1OC(OCc2cn(-c3ccc(Cl)cn3)nn2)C(O)C(O)C1O,1,23.17
COc1nc(-c2ccc(C)c(-c3cccc(CNCc4ccc(Cl)cc4C)c3C)c2C)cnc1CNCC(O)CO,1,35.64
Cc1cc(C2CC2c2ncc(=Nc3cc(N4CCOCC4C)nc(NCC4CCC(F)(F)C4)n3)ccc2C#N)n[nH]1,1,46.29
Cc1nc(CNC(=O)c2cccc(-c3ccccc3)c2C)c(CN2CCOCC2C(N)=O)nc1C,1,30.31
COc1nc(-c2cccc(-c3cnc(CNCC4CCC(=O)N4)c(OC)n3)c2Cl)ccc1C#N,1,16.91
COc1cc(OCc2nc(C)c(C)c(-c3ccc(Cl)cc3)c2C)c2cc(-c3cn4cc(OC)sc4n3)oc2c1,1,29.15
Cc1nc(=Nc2cncc(-c3cccc(-c4ccc(CN5CC(O)C5)c(C)n4)c3Cl)c2Cl)c2ncc(CNCC(=O)O)cc2[nH]1,1,41.85
Cc1c(COc2cc(OC(CO)C(=O)O)c(C#N)cc2Cl)cccc1-c1ccc2c(c1)OCCO2,1,27.63
CC(=O)Nc1cccc(-c2cccc(NC(=O)c3ccc(CNCc4ccc(F)s4)nc3)c2C)c1,1,30.33
Cc1c(COc2ccc3c(c2)nc(CNCC#N)n3Cc2ccc(F)c(C(F)(F)F)c2)cccc1-c1ccc(F)cc1,1,37.72
Cc1cccc(COc2ccc3c(c2)-c2nncn2CCO3)c1,1,21.18
COc1cccc(-c2cccc(Nc3cnc(CN)c(OC)n3)c2C#N)c1,1,29.17
Cc1c(C)n(Cc2cccc(-c3ccccc3)c2)c2cccc(-c3ccc(C(=O)O)cc3)c12,1,26.16
Cc1cc(=O)oc2c(C)c(OC(O)Nc3ccccc3)ccc12,1,31.3
COc1cc2nc(Cl)nc(N=c3ccc(CCNC(C)(C)C)c[nH]3)c2cc1OC,1,32.72
Cc1c(-c2ccccc2)cccc1-c1cc(CNC(CO)Cc2ccccn2)n(-c2cc(F)nc(-c3cccc(CN)c3)c2Cl)n1,1,48.01
O=C(O)c1ccc2c(c1)C(=O)N(CC1NC(CO)C(O)C1O)C2=O,1,24.81
Cc1c(COc2ccc(CNc3ccc(C(=O)O)nc3)c(Br)c2)cccc1-c1ccccc1,1,24.87
Cc1c(COc2cc(=O)oc3c(C)c(NS(C)(=O)=O)ccc23)cccc1-c1ccccc1,1,28.1
CCN(Cc1cnc2c(C)cccc2c1)Cc1cnc(SCc2cc(CNC(CO)C(=O)OC)nc(-c3ccccc3)n2)n1C,1,43.4
COc1cc(CNC(CO)C(=O)O)c(OCc2ccc(-c3ccc4c(c3)OCCO4)cc2)cc1OCCCN1CCCC1,1,35.35
COc1nc(-c2cccc(-c3cccc(-c4cnc(OC)c(N(C)CCO)n4)c3Cl)c2Cl)cnc1CN1CCC(O)C1,1,24.58
CN1CCCC(Oc2ccc(-c3ccccc3)c(-c3ccc4c(c3)OCCO4)c2)(C(=O)O)C1,1,33.05
O=C1CCc2c(ccc(-c3ccccc3)c2C(=O)O)N1,1,22.99
O=C(O)C(CO)NCc1cc2ccccc2c(-c2cccc3ccccc23)n1,1,25.09
OCC(O)CNCc1cnc2ncc(-c3cccc(COc4ccc5c(c4)OCCO5)c3F)n2c1,1,30.87
N=c1ccc(CN2C(=O)N(Cc3cc(F)c(N)c(OCc4ccccc4)c3)C(Cc3ccccc3)C(O)C(O)C2Cc2ccccc2)c[nH]1,1,27.28
COc1nc(-c2cccc(-c3cccc(-c4cnc(CN5CCC(CO)C5)c(OC)n4)c3Cl)c2Cl)cnc1CNCC1CCC(=O)N1,1,16.38
Cc1c(-c2cnnc3[nH]cnc23)cnc2c1CN(C(CO)CO)CC2,1,30.23
CCOc1ccc(Oc2nc(Br)cn(CC(C)C)c2=O)cc1,1,34.32
COc1nc(C(=O)Nc2cccc(-c3cccc4c3CCC4Oc3ccc(C#N)cn3)c2Cl)cc(C)c1CN1CC(OC)C1,1,27.62
CC(=O)NC1CCC(NCc2ccc(Cn3ccnc3-c3ccccn3)o2)C1,1,35.74
COc1cc(-c2nc(NC3CCNC3)cc(OC3CCC(C(C)(C)O)C3)n2)ccc1CN1CCNS1(=O)=O,1,45.75
COc1ccccc1-c1cnc(=NCc2cccc(-c3ccccc3)c2F)[nH]c1,1,25.29
COc1c(CSc2nc(Cl)c(C#N)c(-c3ccccc3)n2)ccc(CNCCO)c1C,1,26.55
CC1NCc2c([nH]c(=N)c(C#N)c2N)N1,1,25.76
COc1ccc(COc2cc(OCc3cc4ccncc4[nH]3)c(CNC(CO)C(=O)O)cc2Cl)cc1OC,1,30.94
Clc1cccc(-c2ccccc2)c1CNCc1cccc2c1OCO2,1,25.02
COc1cc2nc3c(c(-c4ccccc4)c2cc1OC)COC1(OC)C3CC(NCC(O)CO)C1CO,1,40.71
OCCNCc1cc(-c2ccco2)nc2ccccc12,1,20.59
COc1nccc(Oc2cc(OCc3cccc(C#N)c3)c(C(=O)NCc3cccnc3)c(OC)n2)n1,1,29.72
CC(=O)NCc1ccc(NC(=O)c2cc([N+](=O)[O-])cc(Br)c2O)c(Oc2cccc(C(F)(F)F)c2)c1,1,39.85
c1ccc(-c2cccc3c2CCNC3)cc1,1,15.45
Cc1c(CN2CC(C(=O)O)C2)ccc(OC2CCOC2)c1C,1,23.79
CC(Nc1snc(C2CC2)c1C#N)c1cc(Cl)cc(-c2ccccc2)c1Cl,1,37.78
CC(=O)NCCNCc1cc(Cl)c(OCc2cccc(-c3ccc4c(c3)OCCO4)c2C)cc1OCc1cccc(C)c1,1,21.42
COc1cc2cc(CNCCO)c(Cl)nc2cc1OC,1,20.87
CCOCCNCc1ncc(-c2cccc(-c3cccc(-c4cnc(CNCC5CCC(=O)N5)c(OC)n4)c3Cl)c2Cl)nc1OC,1,18.17
OCCNCc1ccc(-c2cccc3[nH]ccc23)cc1,1,17.62
COc1nc(-c2cccc(-c3cccc(-c4ccc(CN5CC6COC(C5)O6)nc4)c3)c2Cl)cnc1CN,1,25.63
CC(=O)NCCNCc1oc(CN2CCC(CO)CC2)cc1C,1,25.18
COC(=O)Nc1ccc2[nH]c(O)c(N=Nc3cccc(C(=O)O)c3)c2c1,1,27.55
COc1nc(-c2cccc(Nc3nccc4[nH]ncc34)c2Cl)cnc1CN(C)C1CCCCC1,1,30.52
Cc1cc(C(=O)Nc2cccc(-c3cccc(Cl)c3)c2C)ncc1CNC1CCC(O)C1,1,22.29
Cc1c(-c2ccc3c(c2)OCCO3)cccc1-c1cccc(NCc2cccc(CNCC(C)O)c2)n1,1,28.93
COc1c(C)cccc1CN1CCNC(=O)C1CC(=O)NCc1cccc(C)n1,1,24.42
O=C(c1cccc(-c2ccccc2)c1Cl)N1CCc2c(-c3ccccc3)cccc21,1,15.64
COC(=O)Nc1ccc2c(c1)Cc1ccccc1-2,1,20.76
CC1CN(CCN2CC(C)(C)c3cc(Oc4ccc(F)cn4)ccc32)CC1O,1,34.84
Cc1c(-c2cccc(C#N)c2)cccc1-c1cccc(NCc2cncn2Cc2ccc(C#N)cc2)c1,1,17.49
COc1nc(-c2cccc(-c3cc(-c4nnc5n4CCOC5)ccc3Cl)c2Cl)cnc1CN1CC(O)C1,1,31.96
COc1nc(-c2cccc(-c3cccc(-c4nc(OC)c(CNCC5CCC(=O)N5C)c(OC)n4)c3Cl)c2Cl)cnc1CNCC1CCC(=O)N1,1,20.9
CN1C(C(=O)Nc2ccc(F)c(-c3ccccc3)c2)CC2CCOC21,1,30.14
O=C(Oc1cccc(-c2ccccc2)c1)c1c(Cl)cccc1Cl,1,19.46
CCC(=O)NCc1cccc(C(CC)Nc2cc3nc(-c4ccccc4)oc3cc2Nc2cccc(C(N)=O)c2O)c1,1,38.04
COc1c(C#N)cncc1-c1cccc(COc2cccc(CNC(C)(CO)CO)c2)c1C,1,30.88
COc1nc(-c2cccc(-c3cccc(-c4nc(OC)c5ccccc5n4)c3Cl)c2Cl)cnc1CN1CC(C)(CO)C1,1,23.91
CC(=O)NCCNCc1cnc(-c2cc(Cl)cc(COc3cccc(Cc4cc(Cl)c(N5CCN(C)C(C)(C)C5)[nH]c4=N)c3Cl)c2Br)nc1C,1,41.74
O=C1CCC2C3CC(COCc4ccccn4)N3CN12,1,33.27
Cc1c(COc2cc(OCc3cc4c(n3C)CNCC4)ccc2C(F)(F)F)cccc1-c1cc(CN)c2c(n1)SCCC2,1,35.34
O=C(O)c1cccc(N2CCC3(CCN(Cc4c(Cl)c(CN5CCCCC5C(=O)O)c(Cl)c(Oc5nc(Oc6ccc(CN7CCCC7C(=O)O)cc6)ccc5CO)c4Cl)C3=O)C2)n1,1,58.06
CC1(C)CCCC2(C)Oc3c(cc(CN)c(O)c3C=O)CCC12,1,27.98
N#Cc1ccc(Cn2cncc2CN2CCn3c(nc4cc(CNCC5(O)CCCCC5)ccc43)C2)cc1,1,33.07
COc1nc(-c2cccc(-c3cccc(-c4ccc(OCC#N)c(C(=O)NCc5cc6c(n5C)CCCC6)c4Cl)c3Cl)c2Cl)cnc1CNCC1CCC(=O)N1,1,36.73
Cc1ccc(S(=O)(=O)N2CCN(CCc3ccncc3)CC2)cc1,1,20.96
CNCCNCc1ccc(-c2cccc(-c3ccc(C(F)(F)F)c(NCCC(C)(C)C)c3)c2C)nc1OC,1,35.08
Cc1c(-c2ccccc2)cccc1-c1cccc(OCCCN2CCC(NS(=O)(=O)c3cccc(CN4CCCC4)c3)C2)c1,1,35.89
CNCc1ccccc1Sc1c([N+](=O)[O-])cc(CN2CC(=O)NC2=O)c(Cl)c1Cl,1,34.03
Cc1cc(-c2cnc(CNCC3CCC(=O)N3)c(OCc3cccs3)c2C)cc(Cl)c1CNC(C)C,1,43.6
COc1ccc(CN2CCc3c(ncnc3-c3cccc(CN(C)C)c3)C2)c(OC)c1,1,27.66
CCc1c(OCC(=O)O)cccc1-c1nccc(-c2cccc(CNCc3cccc(-c4cccc(-c5ccc6c(c5)OCCO6)c4C)c3)c2C)n1,1,42.87
COc1cc(-c2cc3c(nc2OC)CCN(CC2CCC(NC(=O)c4ccc(-c5ccc(Cl)c(C#N)c5)c(OC)n4)C2)C3)c(Cl)cc1Cl,1,47.13
CCOc1cc(=O)n(C)cc1-c1cccc(N2C(=O)c3ccc(CNCCNC(C)=O)cc3C2=O)c1C(F)(F)F,1,26.02
CCN(CC)Cc1cc(N=c2[nH]cnc(Nc3c(C)cc(C#N)cc3C)c2[N+](=O)[O-])ccc1OC,1,27.12
COc1ncc(CNCCNCc2nc(Cl)c(-c3ccc(-c4ccccc4)c(C)c3)o2)c(OC)n1,1,27.04
c1ccc(-c2csnn2)cc1,1,17.2
COc1nc(-c2cccc(CCc3ccccc3-n3nccn3)c2)cnc1CNCC1CCC(=O)N1,1,32.67
COc1nc(-c2cccc(-c3ccc(C)c(CNC(=O)c4cccc5c4OCCO5)c3Cl)c2Cl)cnc1CN1CC(O)C1,1,28.75
Cc1c(C(=O)NCC(O)c2nc3cnccc3s2)ncc(Cl)c1-c1ccccc1,1,35.44
CC(=O)NCCNCc1cc2c(SCC(=O)Nc3cccc(-c4ccccc4)c3C)cn(C)c2cc1NS(C)(=O)=O,1,36.94
c1ccc(-c2ccccc2CNc2ccc(OC3CCCCC3)nc2)cc1,1,29.93
CCN1c2cccnc2N(C)C(=O)c2cc(CNCC(O)CO)cnc21,1,21.9
CCNCC(NC(=O)c1cccc(C(=O)N2CCc3cc(Cc4ccccc4)c(Cl)c(Cl)c3C2)n1)c1cnc(C)nc1,1,55.79
COc1nc(-c2cccc(-c3cccc(-c4cnc(CNCC5CCC(=O)N5)c(OC)n4)c3Cl)c2Cl)cnc1CNCCO,1,15.97
COc1nc(-c2ccccc2)ccc1CNCc1cccc(C#N)c1,1,20.49
CCc1nc(-c2cccc(-c3cccc(-c4ccc(CNCC5CCC(=O)N5)c(OC)n4)c3Cl)c2Cl)nc2c1CCCC2,1,25.32
COc1ccc(C2(C)CCSC(=N)N2)cc1OC1CCCC1,1,21.57
COC(=O)C(CO)NCc1ccc(OCc2nc(OC)c(CNc3c(C)nnn(-c4ccccc4)c3=O)nc2OC)cc1,1,35.78
COc1nc(-c2cccc(-c3cccc(-c4nc5c([nH]4)CCN(C(=O)CC(C)C)C5)c3Cl)c2Cl)cnc1CNC1CCC(=O)N1C,1,36.09
COc1nc(-c2cccc(-c3cccc(-c4cnc(CNCC5CCC(=O)N5)c(OC)n4)c3Cl)c2Cl)cnc1CNCCNC(C)=O,1,14.46
COc1nc(-c2cccc(-c3ccc4c(c3)OCCO4)c2Cl)oc1CNC(=O)c1cccc(-c2ccccn2)c1C,1,29.51
O=C(Nc1cc(-c2ccccc2)ccc1N1CCN(CCO)CC1)c1cccc(-c2ccccc2)c1,1,20.04
CN=c1[nH]c2cc(CNCCO)ccc2n1-c1cc(Cl)c(CNC(=O)c2cccc3c2CCC3)cc1OC,1,47.44
CN1CCN(c2ccc(-c3nc(C(=O)Nc4ccc(CNCCO)o4)c[nH]c3=N)cc2N=C2CCCN2)CC1,1,40.32
COc1nc(-c2cccc(-c3cccc(-c4cnc(CN5CCC(N6CC(O)C6)C5)c(OC)n4)c3CO)c2Cl)cnc1CNCC1CCC(=O)N1,1,22.97
COc1ccc(NS(=O)(=O)c2c(Cl)c(Cl)cc(-c3cnc(C4CC4)o3)c2Cl)cc1N1CCN(C)CC1,1,34.57
COc1nc(-c2cccc(-c3cccc(-c4cnc(CNCC5CCC(O)CC5)cn4)c3Cl)c2Cl)cnc1CN1CC(C)(O)C1,1,21.26
NC(=O)C1(C(=O)Nc2cccc(OCc3ccc4ccccc4n3)c2F)CCC(Nc2ccccc2-c2ccc(S(=O)(=O)NCCO)cn2)CC1,1,53.0
N#Cc1ccc(CNCC2CC2)cc1-c1ccccc1,1,20.61
COc1cc(Cn2cccn2)c(CNC(=O)c2cc(OC)c(OC)nc2OC)c(OC)c1,1,32.64
COCCOc1cc(OCc2cccc(-c3ccccc3)c2Br)c(Cl)cc1CNCCCNCc1cc2ccccc2o1,1,32.15
COc1nc(-c2cccc(-c3ccc4c(c3F)CCC4N3CC4(CCNCC4)C3)c2Cl)ccc1CN,1,27.79
COc1cc(-c2cccc(-c3cccc(-c4cnc(CNCC5CC(=O)N5)c(OC)n4)c3Cl)c2Cl)c(OC)cc1CNCCN(C)C,1,31.92
Cc1cc(CCc2ccccc2)c(C)nc1-n1c(-c2cccc(-c3ccccc3)c2)cc(CN2CCNC(=O)C2)c1C,1,37.57
COc1nc(-c2cccc(-c3cccc(-c4ccc(CN5CC(=O)N(c6cccc(-c7ccccc7)c6C)C(C)C5)c(OC(F)(F)F)c4)c3Cl)c2Cl)cnc1CN,1,35.6
N#Cc1cccc(COc2ccc(CNc3ccc(CNCC(O)CO)cc3C(=O)NCCN)cc2[N+](=O)[O-])c1,1,34.72
C#CC(C)C1CC(Nc2cc(C)ccc2C)C2C3CCC4CC(=O)CCC4(C)C3CCC12C,1,43.06
NS(=O)(=O)c1cccc(NC(=O)CSc2cc(NS(=O)(=O)c3ccc4c(c3)OCCO4)ccc2Cl)c1,1,39.21
COc1ccc(CNCc2cnc3ccc(-c4cccc(NC(C)=O)c4)nn23)c(OC)c1,1,27.68
Oc1ccc(-c2nc(-c3ccccc3)cs2)c2cccnc12,1,23.89
O=C(O)c1ccc2nc(N=Cc3ccc4c(c3)OCO4)sc2c1,1,27.33
COc1nc(-c2cccc(-c3cccc(-c4cnc(CNCC5NC(=O)C(C)(C)NC5=O)c(OC)n4)c3Cl)c2Cl)cnc1CNCC1CCC(=O)N1,1,18.94
Cc1c(-c2ccccc2)cccc1-c1cccc(-c2nnc(Nc3cc(CNCCO)cc(-c4ccccc4)c3)o2)c1C,1,23.47
COC1CN(Cc2cccc(-c3nccc(-c4ccccc4)c3Cl)c2)C1,1,24.66
O=C(Cc1ccccc1)Oc1ccc(-c2nnc(-c3ccc(NCc4cccc(F)c4)c([N+](=O)[O-])c3)o2)cc1,1,38.14
O=C(O)c1cn(C2CC2)c2cccc(OCc3cccc(-c4ccccc4)c3Cl)c2c1=O,1,23.79
Cc1c(COc2cc(OCc3cccc(C#N)c3)c(CNC(CO)CO)cc2S(N)(=O)=O)cccc1-c1ccc2c(c1)OCCO2,1,24.49
Cc1c(C2=NOC(C(=O)N3CCCC3)C2)ccc(OCC(C)(C)O)c1C#N,1,33.75
CC(=O)NC1CCN(Cc2cccc(-c3cccc(-c4ccc5occ(C)c5c4)c3C)n2)CC1,1,25.28
CNC(=O)c1ccc(-c2ccc(-c3ccc(CN4CC(O)C4)c(OC)c3)c(Cl)c2)nc1OC,1,24.5
Clc1c(-c2ccc3c(c2)OCCO3)cccc1-c1noc(CC2CCCCN2Cc2coc(-c3ccccc3)n2)n1,1,29.98
COc1cc(-c2cn3cccc(C)c3n2)ccc1NC(=O)c1cc2ccccc2n1C,1,27.43
Cc1c(-c2cccc(C#N)c2)cccc1-n1nc2ccn(-c3cccc(OC4CCOC4)c3Cl)c(=O)c2c1CN,1,46.13
CNCCNCc1cc(CNCc2ccccc2SC)c[nH]1,1,29.46
COc1nc(-c2cccc(-c3cccc(-c4cnc(OC)c(OC)n4)c3Cl)c2Cl)cnc1CNCC1CCC(=O)N1,1,18.14
COc1nc(-c2cccc(-c3cccc(-c4cnc(CNC5CCC(=O)NC5)c(OC)n4)c3Cl)c2Cl)ccc1CN1CCC(CO)C1,1,25.55
COCOC1CCN(Cc2ncc(-c3cccc(-c4cccc(-c5cnc(CNCC6CCC(=O)N6)c(OC)n5)c4Cl)c3Cl)nc2OC)C1,1,21.49
CCn1ncc(CN2Cc3cc(COc4ccnc5cc(OC)c(CNCCOC)cc45)nnc3C2)c1C,1,39.04
COc1ccc(Nc2ccccc2C(=O)O)cc1CNC(=O)c1nc(OC)c(Cl)c(OC)c1C(=O)O,1,33.36
C=CCOc1ccc(OC)c(C2CN(C)CC(CC(=O)O)S2)c1OC,1,39.63
COc1nc(-c2cccc(-c3cccc(-c4ccccc4C)c3C)c2Cl)cnc1CNCC1CCC(=O)N1,1,21.11
CC(=O)NCCNCc1ccc2cccc(-c3ccccc3)c2c1,1,17.6
COc1ccc(CN2CCC(O)(c3ccccc3)CCC2=O)c(OCc2cccc(C#N)c2)c1,1,29.3
Cc1cc(S(=O)(=O)NCC2CCCCC2)ccc1-n1cccc1C(=O)O,1,34.1
COC1C(C)CC(c2cc(CN3CCCC3=O)ccc2NC(=O)c2nc(C#N)c[nH]2)CC1N,1,32.0
CNCCCNCc1cc(C(=O)O)c(Nc2cc(OCc3cccc(-c4ccccc4)c3C)ccc2Br)cn1,1,42.05
COc1nc(-c2nc(CNC(=O)C3CCCN3)cnc2-c2cccc(Cl)c2)cnc1CN1CC(O)C1,1,33.34
Cc1c(Cc2ccccc2)nc2cccc(C)c2c1CCCC1COC(=N)N1,1,31.99
COc1cccc(-c2ccc3c(c2)C(C(C)(C)C(=O)N=C(N)N)c2cnc(C(=O)O)cc2O3)c1,1,39.39
COc1cccc(C23CCN(CC2C)C3)c1,1,25.3
CCCCCCCn1cc(CNCc2cccc(-c3cccc(C4CC4C4(C)C=CCN(C)O4)c3)c2)nn1,1,45.68
OCCNCc1cc(-c2ccccc2)nc(-c2ccccc2)c1,1,19.63
COc1cc(OCc2cccc(-c3cc(C)sc3C)c2)c(Cl)cc1CNCCO,1,24.0
COc1ccc(C)cc1NC(=O)Nc1ccc(-c2ccc3c(c2)OCCO3)cc1,1,24.72
CNC(=O)C(Cc1ccc([N+](=O)[O-])cc1)NC(=O)Cc1ccccc1,1,26.54
COc1nc(-c2cccc(-c3cccc(-c4cnc(CNCC5CCC(=O)N5)c(OC)n4)c3Cl)c2)ccc1CNCCNC(C)=O,1,17.77
Cc1ccc(Nc2nc(N3CCCCC3)c3cc(-c4ccccc4)sc3n2)cc1Cl,1,34.8
c1cc2c(c(-c3ccc4c(c3)OCCO4)c1)OCCO2,1,15.67
Cc1c(Br)c([N+](=O)[O-])nn1CN1CCOCC1,1,19.1
CC(=O)Oc1cccc2c1C(=O)C(c1ccccc1)C2,1,27.84
COc1cc(O)c(CNC(C)(CO)CO)cc1O,1,23.03
COc1cccc2c(OCc3cccc(-c4ccc5c(c4)OCCO5)c3C)c(CNC(CO)C(=O)O)cnc12,1,31.41
Clc1c(-c2ccc3c(c2)OCCO3)ccc2c1CCN2,1,17.25
CCOc1c(C=O)c(CN2CCCC2)cc2ccccc12,1,31.65
N#Cc1cccc(COc2c(CNC(CO)C(=O)O)ccc(NC(=O)C(=O)O)c2Br)c1,1,26.45
COc1nc(-c2cccc(-c3ccc(CN4CC(C(N)=O)C4)c(F)c3)c2Cl)cnc1CNCCNC(C)=O,1,25.43
CNCc1cc(CNC(C)=O)c(OCc2cccc(C#N)c2)cc1Oc1cc(Cl)cc(Cl)c1,1,25.89
CCOC(=O)CNC(=O)C1C(=O)OCC(=O)N1Cc1ccc(C#N)cc1,1,29.0
CC(CO)N1CCc2c(cnc3cc(CNC(CO)C(=O)O)c(Cl)cc23)C1,1,31.04
CCc1ccc(OCCNC2COc3cccc(OC)c3C2)c(Cl)c1,1,28.97
COc1nc(-c2cccc(-c3nccc(-c4cnc(CN5CNC(=O)C6(CC6)C5)c(OC)n4)c3Cl)c2Cl)cnc1CN1CC2(CNC(=O)C2)C1,1,30.88
Cc1c(-c2ccccc2)cccc1N1C(=O)c2ccc([N+](=O)[O-])cc2C1=O,1,17.48
COc1cccc(-c2nc(CN3CCC(c4noc5cc(F)ccc45)C3)c3cc(OC)c(OC)c(OC)c3n2)c1,1,37.52
COc1nc(-c2cccc(-c3ccccc3)c2C)cnc1CNCC1CNC1,1,16.33
O=C(O)c1[nH]c2ccccc2c1CCc1ccc2cnccc2c1,1,30.21
Cc1c(-c2ccccc2)cccc1-c1nc2cc(CNC(C(=O)O)C3CCCC3)cc(C(F)(F)F)c2o1,1,31.26
COc1ccc(-c2cnc(CN3CC(O)C3)c(C)n2)cn1,1,23.31
CN=c1nc2ccc(-c3c(C)ncc(NC(=O)c4cccc(C)c4OC)c3C)cc2c[nH]1,1,26.15
CCC(=O)OC1C(O)C2C(C=O)C(C)C(O)C2C2(C)C(=O)CCC(=O)C12C,1,38.3
Cc1c(N=Cc2ccc(O)c(OCCc3ccccc3)n2)cccc1-c1ccccc1,1,32.07
O=C(c1ccc(CNS(=O)(=O)c2ccc3c(c2)OCCO3)cc1)N1CCOCC1,1,23.28
Cc1c(COc2ccc(CN3CC(O)C3)nc2)cccc1-c1ccccc1-c1nn[nH]n1,1,22.98
COc1ccc(CCCNCCO)c2c1CCO2,1,20.96
COc1nc(-c2cccc(-c3cccc(-c4cnc(CNCC5CCC(=O)N5)c(OC)n4)c3Cl)c2Cl)ccc1CN(C)Cc1nccn1C,1,22.7
COc1nc(-c2cccc(-c3ccc(CNC(=O)C4COCCN4C)nc3)c2Cl)c(OC)nc1CNCC1CCC(=O)N1,1,36.29
CCOC(=O)C1CCCN1Cc1nc(-c2cccc(-c3cccc(-c4cnc(C(=O)NCCNC(C)=O)nc4)c3Cl)c2Cl)cnc1CN1CC(O)C1,1,36.78
Cc1c(NC(=O)c2nccc(-c3ccccc3)c2C)cccc1-c1cccc(Nc2ccnc3nc(C(=O)O)ccc23)c1C,1,29.43
COc1cc(-c2cccc(-c3cccc(-c4cnc(CNCC5CCC(=O)N5)c(OC)n4)c3Cl)n2)cnc1CN1CC(F)CC1CN,1,20.94
COc1c(Cl)c(OCc2cccc(-c3cccc(-c4ccc(CNCC5CCC(OCc6cccc(C#N)c6)CC5)nc4)c3Cl)c2CO)cc(Cl)c1CNCCO,1,47.37
Cc1ccccc1C(=O)N1CCn2c(nc(CN3CCC(O)C3CO)cc2=O)C1,1,32.33
c1cc(CN2CCC(NCc3ccnc4cc5c(cc34)OCCO5)CC2)ccn1,1,29.25
COCCNCc1ccc(OCc2ccc(-c3cccc(-c4ccc5c(c4)OCCO5)c3C)cn2)nc1,1,22.65
COc1cc(Cl)c(Cn2c(C)c(C(O)N3CCN(C)CC3)cc(CN3CCC(O)C3)c2=O)cc1OC,1,36.79
COc1ccc(-c2cc(C)c(-c3ccc(CN4CCC(C(=O)O)C4)c(OC)n3)cc2Cl)cn1,1,32.37
CS(=O)(=Nc1cc(N2CCOCC2)nc(-c2cccc3[nH]nc(F)c23)n1)C1CC1,1,22.18
Cc1c(OCc2nc(-c3ccccc3)nc3c(C)cccc23)ccc(CN2CCCCC2C(=O)O)c1OCc1cccc(C#N)c1,1,30.05
COc1nc(-c2cccc(-c3cccc(-c4cccc(CNCCN=c5ncc(C(=O)O)cc6ccc(C#N)cc56)c4Cl)c3Cl)c2Cl)cnc1CNCC1CCC(=O)N1,1,37.92
N#Cc1cccc(COc2ccccc2-c2ccc(CN3CCC(C(=O)O)CC3)cc2)c1,1,20.56
Cc1c(COC2=CC=C3CN(C=C(C#N)C=CC=C4C=C3OC4)CC(O)C2)cccc1-c1ccc2c(c1)OCCO2,1,25.48
COCCNCc1ccc(CNCC2CCCS(=O)(=O)C2)cn1,1,33.96
Cc1c(C(=O)Nc2cccc(C3=NOC4CCCCC34)c2Cl)cnc(OC2CCOC2)c1C1CCOCC1,1,35.03
Cc1c(SC2CCCCC2)[nH]c(N2CCOCC2)nc1=O,1,22.03
COc1nc(-c2cc(-c3ccccc3)cc(-c3cccnc3)c2)cnc1CNCC1CCC(=O)N1,1,24.74
COCCNC(=O)Nc1cccc(-c2cccc(-c3nc4ccccc4[nH]3)c2)c1C,1,26.04
COCCNCc1cnc(C(=O)Nc2cccc(-c3cccc(NC(=O)c4cc(CN5CCN(C)CC5)ccn4)c3C)c2C)cc1OC,1,24.4
Cn1nc(CN(O)C(N)=O)c([N+](=O)[O-])c1Cc1ccccc1,1,30.65
COc1nc(-c2cccc(-c3cccc(-c4cc(N5CC(C)OC(C)C5=O)cc(CNC(CO)C(=O)O)n4)c3Cl)c2Cl)cnc1C1=NCCCN1,1,38.57
COc1nc(-c2cccc(-c3cccc(-c4ccc(CC(N)(CO)CO)nc4)c3Cl)c2Cl)cnc1CN(C)CC#N,1,29.7
O=C1CCC(CNCc2cc(C=CCN3CC4CC4(c4cccc(-c5ccccc5)c4)C3)ccn2)N1,1,33.27
Cc1ccc(-c2cccc(COc3ccc(CNC(CO)(CO)CO)cc3C)c2C)cn1,1,25.17
O=c1[nH]c(-c2cccc(-c3ccccc3)c2)nc2cn(CCN3CCOCC3)nc12,1,22.26
COc1cc(CC(=O)OCc2c(OC)cc(C(=O)OCCO)c(OC)c2COC(=O)C(N)Cc2cc(OC)c(OC)c(OC)c2)ccc1O,1,48.78
Cc1c(COc2ccc(CNCC(C)(C)C(=O)O)cc2Cl)cccc1-c1ccc2c(c1)CN(C)C2,1,27.09
COc1nc(-c2cccc(-c3cccc(-c4nc(C5CCCN5)n(C)n4)c3Cl)c2Cl)cnc1CN1CC(O)C1,1,21.39
Cc1c(-c2cnc(CNC3Cc4ccccc4C3)c(OC(F)(F)F)c2)cccc1-c1cccc(-c2cccnc2)n1,1,26.6
COc1ccc(-c2cc(Br)cc(COc3cc(NCc4nc(C)c(C)nc4C)ccc3CNC(CO)C(=O)O)c2Br)cn1,1,45.32
CN(Cc1ccc(-c2ccccc2)cc1)Cc1cc(Br)ccc1OCc1cncc(C#N)c1,1,21.33
COc1nc(-c2cccc(CNc3cccc(-c4ccccc4)c3C)c2C)cnc1C(=O)NCCO,1,23.0
COc1cc(Br)c(CNC(CC(=O)O)C(=O)O)cc1OC,1,25.74
COc1ccccc1CNCCCNC1CCN(S(=O)(=O)c2ccccc2)CC1,1,27.18
COc1cc(-c2ccccc2CN)ccc1CN1CC(C(=O)O)C1,1,22.68
COc1cc(CNCCCNS(C)(=O)=O)ccc1OCCCNCCC(=O)Nc1ccc2ccccc2c1,1,39.92
CC(=O)c1cccc(-c2cccc3c(-c4ccccc4)cnn23)c1,1,25.94
CNCc1nc(=O)c2c(C)c(OCc3cccc(C#N)c3)c(O)c(CN(C)C)c2[nH]1,1,32.17
COc1ccc(-c2ccccc2)cc1CN1CCCCC1C(=O)O,1,15.92
COCc1cc(OC)c(-c2cccc(C(=O)Nc3cnccc3C3CC(N)CC(F)(F)C3)n2)c(OC)c1,1,21.35
COc1ccc2c(-c3nc(C4CCN(C(=O)CC#N)CC4)cc(N4CCOCC4C)n3)cccc2n1,1,28.57
COc1nc(-c2cccc(-c3cccc(-c4cccc(-c5cnc(CCN)c(OC)n5)c4Cl)c3Cl)c2)cnc1CN1CCC(CO)C1,1,26.53
COc1cc(OC)c2c(-c3cccc(Br)c3)cc(=O)oc2c1C(=O)C(=S)N1CCOCC1,1,35.11
CCOC(=O)c1sc(NC(C)=O)c(C#N)c1C,1,16.45
COCc1c(-c2cccc(-c3ccccc3)c2C)c(OC)nc2ccnn12,1,31.61
CN(C)C=Nc1nc2c(s1)CCCC2,1,19.69
CNC(=O)NC1CCN(Cc2ncc(-c3cccc(-c4cccc(-c5cnc(CN6CC7(CNC(=O)O7)C6)c(OC)n5)c4Cl)c3Cl)nc2OC)C1,1,29.43
Cc1c(COc2ccc(CNC(CO)C(=O)O)c(OCc3ccc4nonc4c3)c2)cccc1-c1ccccc1,1,17.26
OCCNCc1c(Oc2c(Cl)cc(CNCC3(N4CCCCC4)Cc4ccccc4C3)cc2Cl)cccc1OC1CCCCC1,1,36.84
Cc1ccccc1-c1ccc2c(c1)OCCO2,1,13.8
CC(=O)NCCNCc1ccc(-c2cc(Cl)nc(Oc3cc(C)c(-c4cc5c(C)cc(C#N)cc5o4)cc3C)c2C)cc1,1,41.95
CCc1c(Cl)cccc1NC(=O)c1cncc(-n2ncc(C(=O)Nc3ccc(C4CNCCO4)c(OC)c3)n2)c1,1,37.85
C=C(C)C(=O)Nc1ccc(OC)c(-c2c(F)cnc3nc(OC)c(CNc4cccc(-c5ccnc(CO)c5)c4)cc23)c1,1,43.99
O=C(O)c1c(NCc2ccco2)ccc2c1OCCO2,1,26.53
N#Cc1cc(COc2cc(OC3CCNC3)c(Cl)cc2Cl)c(Cl)cn1,1,29.4
Cc1cccc(CN(Cc2cccc(OCC(=O)O)c2)C(=O)c2cc(C)c(CN)c(COc3ccn4c(C)c(C)nc4c3)c2)c1C,1,47.67
COc1nc(-c2ccc(Cl)c(N3CC4CC4(CO)CN3)n2)cc(C)c1CNC(C)(CO)CO,1,39.32
COc1nc(-c2cccc(-c3cccc(-c4cccc(-n5nc(C)nc5C(=O)O)c4Cl)c3Cl)c2Cl)cnc1CNCC1CCC(=O)N1,1,24.88
CC(=O)NC(CO)Cc1ccc(-c2cc(C)nc(-c3cccc(COc4ccc(CNCCO)cc4Cl)c3F)n2)cc1,1,42.89
COCCNCc1c(OCc2ccnc(C#N)c2)cc(-c2c(Cl)ccc(NC(=O)Nc3cc(C(F)(F)F)ccc3Oc3cc([N+](=O)[O-])c(C)n3C)c2F)nc1OC,1,50.91
Cc1cc(N(C)CCC#N)ccc1C=C1CCC(=Cc2ccc(CNC(CO)C(=O)O)c(C)c2)C1=O,1,32.5
CCC(=O)OCC12CC3CC(CC(C3)C1)C2,1,24.11
CN(C)CCn1cc(C(=O)c2cccc(-c3ccc(C#N)cc3)c2)c2ccc(-c3nc4ccccc4s3)cc21,1,36.65
Cc1c(-c2ccc3c(c2)CCN(Cc2cccc4c2CCNC4=O)C3)cccc1-c1cccc(-c2cnc(CN(C)C(C)CN)o2)c1Cl,1,48.17
COc1nc(-c2cccc(-c3cccc(-c4cnc(CNC5CCCC5O)c(OC)n4)c3Cl)c2Cl)cnc1CNCC1CCC(=O)N1,1,14.54
Cc1c(-c2cccc(-c3ccc(CNC4CC4)c(N)c3)n2)cccc1-c1cnc(CN2CCC(O)C2)c(NCc2ccccc2)c1C#N,1,36.91
CC(c1ccc(CNC(C)(CO)CO)cc1)n1nnc2cnc3ccc(-c4cccc(Br)c4)cc3c21,1,37.76
COc1ccc(CCC2CC(C(=O)O)CN2Cc2cccc(OC)c2)cc1,1,28.85
O=C(NCCO)c1cn(CC2CCCC(CO)O2)c2ncc(-c3ccccc3)cc12,1,37.88
COCCNCc1ccc(Oc2cc(C)c(Nc3scc(C)c3C(=O)O)cc2-c2cccc(C)c2)c(Br)c1,1,43.38
COc1cc(-c2ccc3nonc3c2)c2c(C)cc3c(c2c1)C=CC(C)(C)O3,1,28.43
COc1nc(-c2cccc(-c3cccc(-c4cnc(CN5CC(O)C5)c(NCCF)c4C)c3Cl)c2Cl)ccc1CNCC1(C#N)CCC1,1,31.26
COc1nc(-c2cccc(-c3cccc(-c4ccc(CN5CCC(NC(C)=O)C5)c(OC)n4)c3Cl)c2Cl)ccc1CN1CC(O)C1,1,24.14
O=C(O)C(CO)NCc1ccc(OCc2cccc(-c3ccccc3)c2Br)cc1,1,15.92
Cn1c(-c2cccc(-c3ccc(CNC4COc5nc([N+](=O)[O-])cn5C4)cc3)c2Cl)nnc1C1CC1,1,30.8
COc1nc(-c2cccc(-c3cccc(-c4cnc5cc(Cl)ccc5n4)c3Cl)c2Cl)cnc1CNCC1CCC(=O)N1,1,21.75
NCC(C(=O)O)c1ccc(-c2ccccc2F)c([N+](=O)[O-])c1,1,31.79
COc1nc(-c2cccc(-c3cc(Cl)c(-c4nc(N5CCN(C(C)=O)CC5)nc(N5CCOCC5C)n4)c(OC)n3)c2Cl)ccc1CNCc1cccnc1,1,44.37
CC(=O)Nc1ccc(Cl)c(-n2cc(CN3CCN(c4ccc(C)c(C)c4)C(=O)C3)c(=O)c3c(CO)nccc32)c1,1,41.1
COCc1nc(CNCCO)ccc1-c1ccccc1F,1,26.77
O=C(O)c1cc(F)cc(Cc2ccc(O)c(=O)cc2)c1O,1,30.85
O=C(O)C(CO)NCc1ccc(-c2ccccc2)cc1,1,12.31
CCCNCc1cnc(COc2cc(OCc3cncc(C#N)c3)c(CN(CCO)CCO)cc2Cl)cc1OC,1,26.3
COc1nc(-c2cccc(-c3cccc(-c4cnc(CN5CCC(O)C5)c(OC)n4)c3Cl)c2Cl)cnc1CNCC1CCC(=O)N1,1,13.45
Cc1c(COc2c(Cl)cc(CNC(CO)C(=O)O)c(OCc3cnco3)c2F)cccc1-c1cccc(COc2ccc(CC(N)C(=O)O)c(Cl)c2)c1C(F)F,1,49.28
COCCOc1ccccc1NC(CO)C(=O)O,1,24.08
COc1nc(-c2cccc(-c3cccc(-c4cnc(CNCC5CCC(=O)N5)c(OC)n4)c3Cl)c2Cl)cnc1CNCC1CCC(=O)N1,1,11.62
c1ccc(-c2ccc(OCC3CCCN3)nc2-c2ccccc2)cc1,1,22.13
CCCCCCCC(O)c1cc(-c2cccc(OC)c2)c(C#N)c(OC)n1,1,30.61
Cc1cccc(C(=N)NOC(=O)Cc2cccc([N+](=O)[O-])c2)c1,1,22.87
CN(C)c1nc(OCc2ccccc2-c2ccccc2)cc(N2CCOCC2)n1,1,21.49
Cc1cc2c(cc1Nc1ccc([N+](=O)[O-])cc1S(=O)(=O)Nc1c(C)c(C)c(S(=O)(=O)NCCCO)c(C)c1C)C(=O)CC2,1,48.67
Cc1c(-c2ccccc2)cccc1-c1ccc(OCc2cccc(CNC(=O)Cc3ccncn3)c2)cc1,1,23.79
O=C1CCC(CNCc2c(Cl)c(Cl)cc(-c3ccccc3)c2Cl)N1,1,18.03
COc1cc(-c2nc3cc(Cl)c(-c4cccc(-c5cccc(C)c5)c4C)cc3o2)ccc1CN1CC(C(=O)O)C1,1,27.39
CC(=O)N=c1[nH]c(C(=O)Nc2ccc(C3CNC(=O)C3)cc2C)cs1,1,27.79
COc1cc(N=c2cc(Cl)[nH]c(SC(C)C(=O)O)n2)c(C)cc1C=Cc1ccccc1,1,36.0
N#Cc1ccc(OCc2ccc3ccccc3n2)cc1CNCC1CCC(=O)N1,1,22.16
CNC(=O)C1CN(Cc2ccc(-c3cccc(NC(=O)c4nc5cccc(C)n5n4)c3C)cc2F)C1,1,33.79
Cc1c(COc2ccc(C(=O)NC(CO)(CO)CO)c(OCc3cccc(C#N)c3)c2)cccc1-c1ccccc1,1,19.86
O=C(C1CCN1)N1CCN(CCNCCO)CC1,1,28.8
Clc1cccc(Oc2cnc3ccccc3n2)c1,1,22.93
COc1nc(-c2cccc(-c3cccc(-c4cnc(CN5CCS(=O)(=O)C5)c(OC)n4)c3Cl)c2Cl)cnc1CNCC(C)(C)O,1,26.01
CC1COCCN1c1cc(N=S(C)(C)=O)nc(-c2ccccn2)n1,1,15.18
COc1cc(-c2nn(C)c3c2CCN3c2cccc(-c3cccc(N4NC(=O)CC4C)c3C)n2)nc(OC)c1CNC(CO)CO,1,43.5
COc1cc2c(cc1CNC1CC(O)C(OC)O1)OCC(=O)N2C,1,32.95
CCc1c(Cc2c(Cl)cccc2Cl)c(C)nc(=Nc2cc(C)c(Cl)cc2OC)n1Cc1ccc(CNC(CO)CO)c(C)c1,1,36.37
CC(=O)C(NCc1ccc2c(c1)C(O)CC(=O)N2)C(O)N1CCCC1C(=O)O,1,34.52
COc1ccnc(COc2cc(OCc3cccc(C#N)c3)c(CNCCN3CCOCC3)cc2Cl)c1,1,26.24
COc1cc(O)cc(C(O)CNC(C)Cc2ccc(OC(=O)c3ccccc3)c(OCc3ccc4ncccc4c3)c2)c1,1,38.06
N#Cc1cc(CNCCO)cc2ccccc12,1,20.47
CCN(CC)C1CCc2c(cccc2-c2cccc(-c3ccc(CNCCO)cc3)n2)C1,1,29.7
Clc1cccc2c1Cc1cc(NCCN3CCCCC3)ccc1-2,1,27.3
O=C(O)CN1CCc2cc(OCc3cccc(-c4ccccc4)c3Cl)ccc2C1=O,1,21.54
CCCc1c(OCc2cccc(-c3ccc4c(c3)OCCO4)c2Cl)ccc(CN2CC(O)C2)c1OCc1ccc(CN2CCC(CO)CC2)c(OC)c1,1,32.39
CC(=O)c1cccc(-c2cccc3c2CCN3c2ncnc3cc(CNCC(F)F)cnc23)c1,1,26.66
COc1cc(C(=O)NC(CO)CO)c(OC)nc1CNc1nc(OC)c(CNCC(C)(C)CO)cc1Br,1,38.58
COc1nc(-c2cccc(-c3cccc(-c4ccc(CN5CC(CO)C5C(=O)O)cn4)c3F)c2Cl)cnc1CN1CC2(CCC(=O)N2)C1,1,39.5
CC(C)(NCc1ccc(OCc2cccc(C#N)c2)cc1OCc1ccc(OCc2cccc(-c3ccccc3)c2Cl)c(Cl)c1)C(=O)O,1,30.08
Cc1cc(-c2ccccn2)cc2ncc3c(c12)NCC3(C)C,1,29.67
COc1cccc(-c2cccc(NCc3ccc(-c4ccccc4)nc3C)c2C)c1,1,24.03
N=c1c2c(ncn1C=Cc1ccccc1)CCNC2,1,30.13
Cc1c(COc2c([N+](=O)[O-])cc(CN3CC(O)C(O)C(O)C3CO)c(OCc3cccc(C#N)c3)c2Cl)cccc1-c1ccccc1,1,25.82
O=C(O)C1OC(c2cccc(Cc3ccc(OCC4CCCCC4)cc3)c2)C(O)C(O)C1O,1,31.31
Cc1nc2cccc(-c3nc(-c4ccc(OCc5cccc(-c6ccccc6)c5C)c(Cl)c4)n(C)n3)c2nc1C,1,30.0
CCOC(=O)NNc1cccc(-n2nc(C)c3ccc(-c4cccnc4)nc32)n1,1,31.25
C=CC(C)(C)c1c(O)c(OC)c(OC)c2c(N=O)ccc(NO)c12,1,34.09
COc1nc(N=CN2CC2)nc(-n2cncn2)n1,1,24.71
COc1cc(CN(C)Cc2ccc(-c3ccccc3)cc2OC)cc(OC)c1,1,24.89
CCCOC(=O)c1c(Nc2cnc3ccccc3n2)sc(C)c1-c1ccccc1,1,33.32
O=C(O)c1cccc(Cn2c3c(c(=O)n(CCN4CCC(F)(F)CC4)c2=O)CN(C2CCC(c4ccccc4)C2)CC3)c1,1,39.84
NS(=O)(=O)NCc1ccc(NC(=O)c2ccoc2-c2ccc(C(F)(F)F)cc2)c(Cl)c1,1,36.86
COc1nc(-c2cccc(-c3cccc(-c4cnc(CN5CCC(C)(O)C5)c(OC)n4)c3Cl)c2Cl)ccc1CN1CC(O)C1,1,19.32
CCOc1ccc(NC(=O)c2cc(C)c(CNCCO)cn2)cc1-c1cccc(-c2nc(OC)nc(OC)n2)c1C,1,23.92
O=C1Nc2ccccc2[S+]([O-])C1=Cc1ccco1,1,26.36
Cc1c(COc2ccc(C(=O)C3CN4CCC3CC4)c(OCc3cncc(C#N)c3)c2)cccc1-c1ccccc1,1,28.98
COc1nc(-c2cccc(-c3ccc(C(F)(F)F)cc3)c2Cl)ccc1CNC(CO)CO,1,20.56
COc1c(CNCCNC(C)=O)ccc2c1CCC2,1,18.13
CCc1cccc(N2CCN(CCNCc3cc(-c4cccc(Cl)c4Cl)no3)CC2)c1,1,31.15
CC(=O)NC(C)c1cccc(-c2cccc(OCc3cccc(C#N)c3)c2C)c1,1,22.13
COc1cccnc1-c1cccc(-c2cccc(-c3cnc(CNCC4CCC(=O)N4)c(OC)n3)c2F)c1Cl,1,23.94
COc1cc(C[N+](C)(C)C)c(O)c(Cl)c1CN,1,28.77
COc1nc(-c2cc(Cl)cc(-c3cccc(-c4cnc(CNCC5CCC(=O)N5)c(OC)n4)c3Cl)c2Cl)ccc1CN1CCC(C)(N)C1,1,28.88
CC(=O)NC(COc1cccc(N(C)c2c(C)c(CN3CCC(C(=O)O)C3)c(C)c(-c3ccccc3)c2Cl)c1)Cc1ccccc1,1,42.13
Cc1cnc(-c2ccn3c(-c4ccccc4)cnc3c2)cc1N1CCOCC1C,1,28.4
COCCNCc1cccc(-c2cc3ncc(C(N)=O)cc3s2)c1,1,31.6
CS(=O)(=O)NCc1cncc(-c2ccc3c(c2)CC(O)CO3)c1,1,31.41
COc1cc(OCc2cccc(-c3ccc(C#N)s3)c2)cc(OC)c1CNCCNC(C)=O,1,19.71
COc1cc(-c2cccc(-c3cccc(-c4cc(C)c(CN5CCC5)c(OC)n4)c3Cl)c2Cl)cnc1CN1CC(C(=O)O)C1,1,27.52
Cc1c(CNC(C(=O)NCc2cccc(C(=N)NN)c2)C(C)C)cccc1-c1ccc2c(c1)OCCO2,1,41.11
COc1cc(C)cc2c1C(OCCO)C(O)C(C)(CO)O2,1,30.47
COc1nc(OCCCOc2nc(N3CC4CCC(C3)O4)nc(-c3ccnc4[nH]ccc34)c2C#N)nc(N(C)C)n1,1,34.59
COc1cccc(CCN(C)CC2CCC(=O)N2)c1,1,21.08
Cc1c(-c2ccccc2)ccc(Br)c1COc1cc(CNC(CO)C(N)=O)ccc1OS(C)(=O)=O,1,30.94
COc1cc(NCc2cccnc2-c2ccccc2)c(Cl)cc1CNCc1ccc(Br)cc1C,1,31.99
Cc1cc(CN2C(=O)CC2C(=O)O)c([N+](=O)[O-])cc1C,1,27.83
COc1ccc(CNCCc2cccnc2)c(Cl)c1-c1cc(CNCCO)ccc1OCc1cccc(C#N)c1,1,27.03
COc1cccc(-c2cccc(-c3cccc(-c4cnc(CN5CC(N(C)C)C5)c(C)c4)c3Cl)n2)c1,1,23.53
CC(=O)C(O)NCc1cccc(-c2ccc3c(c2)OCCO3)c1,1,26.5
COc1cc(CO)c(OC)c(O)c1-c1cccc(COc2ccccc2Cc2ccncc2)c1C,1,33.43
CNc1c[nH]c2c(-c3cnc(CN4CC(O)C4)c(OC)n3)cccc12,1,31.64
CCNc1cc(C)c(C=Cc2ccc(CNC(CO)C(=O)O)c(OCc3ccnc(C#N)c3)c2)c(C)c1C,1,33.58
COc1nc(-c2cccc(-c3noc(CNC(C)C(=O)O)c3Cl)c2Cl)cnc1CNCCc1ccc(C#N)cc1,1,30.13
CNCc1c(OCc2cncc(C#N)c2)cc(Oc2ccnc(CCNCc3cnc(OC)nc3OC)c2Cl)nc1OC,1,32.8
COc1cc(F)c(CNCCNC(C)=O)c(Cl)c1O,1,26.03
OCCNCc1cccc(C(O)=NO)c1,1,18.02
CC1=NN(Cc2cn(Cc3ccc(Br)cc3)nn2)C(=O)C1C,1,28.37
CC(=O)NCCNCc1cc(C)c(OCc2cc(C#N)ccc2NC(=O)c2ccc3ccccc3n2)cc1OCc1ccnc(C#N)c1,1,36.63
COc1c(CNCCS(=O)(=O)Nc2cccc(-c3c(C)c(CC(=O)O)cc4ccc(C#N)cc34)c2C)c(C)nn1C,1,32.14
COc1nc(-c2ccc(C)c(NC(=O)C3CC3(F)F)c2Cl)cc(F)c1CNCc1cccc(-c2ccncn2)c1,1,35.45
CN1CC=CC2CC(CO)C(CO)C21,1,30.2
c1ccc(-c2ccc(Cc3cnc(-c4cn5c(n4)OCC5)o3)cc2)cc1,1,32.45
COCC1CCCN1Cc1ccc(C(=O)N2CCOc3ccc(CN4CC(O)C4)cc3C2)nc1,1,26.99
NC(c1nc(-c2ccccc2)c[nH]1)C(F)F,1,24.69
CN(C)S(=O)(=O)N1CCC2(CC1)OCCn1cc(C(O)Cc3cc(C#N)ccc3F)nc12,1,37.74
CCN(CC)CCOC(=O)c1ccc(N(CCCl)CCCl)cc1,1,21.61
Cc1cccc(CN2CCN(Cc3ccccc3-c3ccccc3)CC2CO)c1,1,25.44
Cc1nnc(-c2cccc(-c3cccc(-c4nc(N(C)C)nc(N5CC6CC6(c6ccccc6)C5)c4Cl)c3Cl)c2C)o1,1,33.77
CCc1ncc(CCNCc2cccc(CCNCc3cccc(-c4cccc(-c5ccccc5)c4C)c3)c2OCOC)c2cc(OC)c(OC)cc12,1,47.67
Cc1nn(Cc2cccc(Cl)c2C)c(C)c1NC(=O)c1sc2ncc(CN3CCN(S(=O)(=O)N(C)C)CC3)cc2c1C,1,35.56
CC(=CCc1c(C)c(-c2ccccc2)cc2c1CC(C)O2)CCC(=O)O,1,29.14
Cc1ccc2sc(N(Cc3cccnc3)Cc3cnc(CNCC4CCC(=O)N4)cn3)nc2c1C,1,31.37
COc1cc(N=c2cc(N3CC4(C(=O)O)CC34)cc(-c3cccc(-c4cccc(-c5ccccn5)c4C)c3)[nH]2)nc(OC)c1CN1CCCCC1CO,1,56.11
CC(C)C1=CCC(CN2CCC(CNCc3ccc4c(n3)NC(=O)CO4)CC2)CN1,1,36.06
CC1COCCN1c1cc(SC2CCNCC2)nc(-c2cc[nH]c(=NC3CCC(=O)NC3=O)c2)c1,1,30.99
COc1c(NC(=O)Cc2cccc(CNC(=O)C3CCCN3)c2C)cccc1NC(C(=O)O)c1ccc(Cl)c(OCc2cccc(C#N)c2)c1,1,43.93
COc1nc(-c2cccc(-c3cccc(-c4ccc5c(c4F)NC(=O)C5)c3Cl)c2Cl)cnc1CNCC1CCC(=O)N1,1,22.65
N#Cc1cccc(-c2cccc(CNc3ccccc3-c3ccccc3)c2)c1,1,23.01
COc1nc(-c2cccc(-c3cnc(CN4CC(OC)C4)cc3C)c2Cl)cnc1CNCC1CC(O)C1,1,24.93
Brc1ccc2c(c1)CN=C(NC1CCCCC1)N2,1,22.54
CCOc1ccc(C)nc1Cn1c(C)c(CNCCOc2ccc(CNCC(O)CO)cc2C)c(-c2ccccc2)c1C,1,42.01
Nc1cccc(-c2nncc3ccccc23)c1,1,24.09
c1ccc(-c2cnc3ncnc(N4CCn5nncc5C4)c3c2)cc1,1,25.98
CCOC(=O)C(C)(C)Oc1ccc(NC(=O)c2ccc(OCC)cc2OCc2cccc(C#N)c2)cc1Cl,1,34.71
Cc1c(CO)cccc1-c1noc(-c2cc(Cl)c(OCCOCCO)c(C#N)c2)n1,1,28.2
Cc1c(CC(NC(=O)c2ccc3cc(CNC(CO)c4ccccn4)ccc3n2)C(=O)O)cccc1-c1ccnc2[nH]ccc12,1,50.21
