SMILES,Comment,RDKit_SMILES (REINVENT),Score,PD1PDL1Sol_raw,PD1PDL1Sol_raw (raw)
COc1nc(-c2cccc(-c3cccc4c3CCC4Oc3nc(OC)c(CNC4(C(=O)O)CC4)cc3Cl)c2Cl)ccc1CN1CC(C(=O)O)C1,,COc1nc(-c2cccc(-c3cccc4c3CCC4Oc3nc(OC)c(CNC4(C(=O)O)CC4)cc3Cl)c2Cl)ccc1CN1CC(C(=O)O)C1,0.44765886664390564,0.44765887,0.44765887,-6.316343
COc1nc(-c2cccc(-c3cccc4c3CCC4Oc3nc(OC)c(CN4CC(C(=O)O)C4)nc3C)c2Cl)ccc1CNCC1CCC(=O)N1,,COc1nc(-c2cccc(-c3cccc4c3CCC4Oc3nc(OC)c(CN4CC(C(=O)O)C4)nc3C)c2Cl)ccc1CNCC1CCC(=O)N1,0.501523494720459,0.5015235,0.5015235,-5.491675
COc1nc(-c2cccc(-c3cccc4c3CCC4Oc3nc(OC)c(CN4CC5(C(=O)O)CCC4CC5)cc3C(F)(F)F)c2Cl)ccc1CNCC1CCC(=O)N1,,COc1nc(-c2cccc(-c3cccc4c3CCC4Oc3nc(OC)c(CN4CC5(C(=O)O)CCC4CC5)cc3C(F)(F)F)c2Cl)ccc1CNCC1CCC(=O)N1,0.477730929851532,0.47773093,0.47773093,-5.8559394
COc1nc(-c2cccc(-c3cccc4c3CCC4Oc3nc(OC)c(CNC(C)(C)C(=O)O)cc3C(F)(F)F)c2Cl)ccc1CNCC1CCC(=O)N1,,COc1nc(-c2cccc(-c3cccc4c3CCC4Oc3nc(OC)c(CNC(C)(C)C(=O)O)cc3C(F)(F)F)c2Cl)ccc1CNCC1CCC(=O)N1,0.4764866530895233,0.47648665,0.47648665,-5.8749895
COc1nc(-c2cccc(-c3cccc4c3CCC4Oc3nc(OC)c(CN4C5CCCC4(C(=O)O)CC5)cc3C(F)(F)F)c2Cl)ccc1CNCC1CCC(=O)N1,,COc1nc(-c2cccc(-c3cccc4c3CCC4Oc3nc(OC)c(CN4C5CCCC4(C(=O)O)CC5)cc3C(F)(F)F)c2Cl)ccc1CNCC1CCC(=O)N1,0.47836217284202576,0.47836217,0.47836217,-5.8462753
COc1nc(-c2cccc(-c3cccc4c3CCC4Oc3nc(OCc4cncc(C#N)c4)c(CN4CC5(C(=O)O)CCC4CC5)cc3Cl)c2Cl)ccc1CNCC1CCC(=O)N1,,COc1nc(-c2cccc(-c3cccc4c3CCC4Oc3nc(OCc4cncc(C#N)c4)c(CN4CC5(C(=O)O)CCC4CC5)cc3Cl)c2Cl)ccc1CNCC1CCC(=O)N1,0.4609907865524292,0.4609908,0.4609908,-6.1122313
COc1nc(OC2CCc3c(-c4cccc(-c5cnc(CN6CCNC(=O)C6)c(OC)n5)c4Cl)cccc32)c(C(F)(F)F)cc1CN1CC2(C(=O)O)CCC1CC2,,COc1nc(OC2CCc3c(-c4cccc(-c5cnc(CN6CCNC(=O)C6)c(OC)n5)c4Cl)cccc32)c(C(F)(F)F)cc1CN1CC2(C(=O)O)CCC1CC2,0.4991232752799988,0.49912328,0.49912328,-5.528423
COc1nc(-c2cccc(-c3cccc4c3CCC4Oc3nc(OC)c(CN4CCC(C)(C)C4C(=O)O)cc3Cl)c2Cl)ccc1CNCC1CCS(=O)(=O)C1,,COc1nc(-c2cccc(-c3cccc4c3CCC4Oc3nc(OC)c(CN4CCC(C)(C)C4C(=O)O)cc3Cl)c2Cl)ccc1CNCC1CCS(=O)(=O)C1,0.4818231761455536,0.48182318,0.48182318,-5.7932873
COCC(NCc1cc(C(F)(F)F)c(OC2CCc3c(-c4cccc(-c5ccc(CNCC6CC(C)(C)C(=O)N6)c(OC)n5)c4Cl)cccc32)nc1OC)C(=O)O,,COCC(NCc1cc(C(F)(F)F)c(OC2CCc3c(-c4cccc(-c5ccc(CNCC6CC(C)(C)C(=O)N6)c(OC)n5)c4Cl)cccc32)nc1OC)C(=O)O,0.47450605034828186,0.47450605,0.47450605,-5.9053125
COc1cc(-c2cccc(-c3cccc4c3CCC4Oc3nc(OC)c(CNC4CCCC4C(=O)O)cc3C(F)(F)F)c2Cl)nc(OC)c1CNCC1CCC(=O)N1,,COc1cc(-c2cccc(-c3cccc4c3CCC4Oc3nc(OC)c(CNC4CCCC4C(=O)O)cc3C(F)(F)F)c2Cl)nc(OC)c1CNCC1CCC(=O)N1,0.46025410294532776,0.4602541,0.4602541,-6.12351
COc1cc(-c2cccc(-c3cccc4c3CCC4Oc3nc(OC)c(CN4CCC(C(=O)O)C4)cc3Cl)c2Cl)c(F)c(Cl)c1CNCC1CCC(=O)N1,,COc1cc(-c2cccc(-c3cccc4c3CCC4Oc3nc(OC)c(CN4CCC(C(=O)O)C4)cc3Cl)c2Cl)c(F)c(Cl)c1CNCC1CCC(=O)N1,0.43655991554260254,0.43655992,0.43655992,-6.4862676
COc1nc(-c2cccc(-c3cccc(-c4cnc(C5=NCCN5)c(OC)n4)c3Cl)c2Cl)cnc1CN1CC2(CNC(=O)C2)C1,,COc1nc(-c2cccc(-c3cccc(-c4cnc(C5=NCCN5)c(OC)n4)c3Cl)c2Cl)cnc1CN1CC2(CNC(=O)C2)C1,0.5215927958488464,0.5215928,0.5215928,-5.184414
COc1nc(-c2cccc(-c3cccc(-c4cnc(C5=NCCN5)c(OC)n4)c3Cl)c2Cl)cnc1CN1CC(C)(O)C1,,COc1nc(-c2cccc(-c3cccc(-c4cnc(C5=NCCN5)c(OC)n4)c3Cl)c2Cl)cnc1CN1CC(C)(O)C1,0.5322193503379822,0.53221935,0.53221935,-5.021722
CNc1nc(-c2cccc(-c3cccc(-c4cnc(CN5CCC(O)C5)c(OC)n4)c3Cl)c2Cl)cnc1CN1CC2(CNC(=O)C2)C1,,CNc1nc(-c2cccc(-c3cccc(-c4cnc(CN5CCC(O)C5)c(OC)n4)c3Cl)c2Cl)cnc1CN1CC2(CNC(=O)C2)C1,0.5327672362327576,0.53276724,0.53276724,-5.0133333
COc1nc(-c2cccc(-c3cccc(-c4cnc(C5=NCCN5)c(OC)n4)c3Cl)c2Cl)cnc1CN1CCC(O)C1,,COc1nc(-c2cccc(-c3cccc(-c4cnc(C5=NCCN5)c(OC)n4)c3Cl)c2Cl)cnc1CN1CCC(O)C1,0.5395591259002686,0.5395591,0.5395591,-4.90935
COc1nc(-c2cccc(-c3cccc4c3CCC4Oc3c(Cl)cc(CN4CC(O)C(C(=O)O)C4)cc3C(F)(F)F)c2Cl)ccc1CNCC1CCC(=O)N1,,COc1nc(-c2cccc(-c3cccc4c3CCC4Oc3c(Cl)cc(CN4CC(O)C(C(=O)O)C4)cc3C(F)(F)F)c2Cl)ccc1CNCC1CCC(=O)N1,0.48304492235183716,0.48304492,0.48304492,-5.7745824
COc1nc(-c2cccc(-c3cccc(-c4cnc(CN5CC6(C5)CN(C(C)=O)C6)c(OC)n4)c3Cl)c2Cl)ccc1CN1CCC(CO)C1,,COc1nc(-c2cccc(-c3cccc(-c4cnc(CN5CC6(C5)CN(C(C)=O)C6)c(OC)n4)c3Cl)c2Cl)ccc1CN1CCC(CO)C1,0.4826456904411316,0.4826457,0.4826457,-5.7806945
COc1nc(-c2cccc(-c3cccc4c3CCC4Oc3nc(OC)c(CN4CCC(C(=O)N5CC(O)C5)C4)cc3Cl)c2Cl)ccc1CNCC1CCC(=O)N1,,COc1nc(-c2cccc(-c3cccc4c3CCC4Oc3nc(OC)c(CN4CCC(C(=O)N5CC(O)C5)C4)cc3Cl)c2Cl)ccc1CNCC1CCC(=O)N1,0.4883292615413666,0.48832926,0.48832926,-5.693679
COc1nc(-c2cccc(-c3cccc(-c4cnc(CN5CC(NC(C)=O)C5)c(OC)n4)c3Cl)c2Cl)ccc1CN1CCC(CO)C1,,COc1nc(-c2cccc(-c3cccc(-c4cnc(CN5CC(NC(C)=O)C5)c(OC)n4)c3Cl)c2Cl)ccc1CN1CCC(CO)C1,0.45887964963912964,0.45887965,0.45887965,-6.1445527
COc1nc(-c2cccc(-c3cccc(-c4cnc(CNC5CCN(C(N)=O)CC5)c(OC)n4)c3Cl)c2Cl)cnc1CNCC1CCC(=O)N1,,COc1nc(-c2cccc(-c3cccc(-c4cnc(CNC5CCN(C(N)=O)CC5)c(OC)n4)c3Cl)c2Cl)cnc1CNCC1CCC(=O)N1,0.534542441368103,0.53454244,0.53454244,-4.986155
COc1nc(-c2cccc(-c3cccc(-c4cnc(CN5CC(NC(C)=O)C5)c(OC)n4)c3Cl)c2Cl)cnc1CN1CCC(O)C1,,COc1nc(-c2cccc(-c3cccc(-c4cnc(CN5CC(NC(C)=O)C5)c(OC)n4)c3Cl)c2Cl)cnc1CN1CCC(O)C1,0.5310637354850769,0.53106374,0.53106374,-5.039414
COc1nc(-c2cccc(-c3cccc4c3CCC4Nc3nc(OC)c(CNCCO)cc3C(F)(F)F)c2Cl)ccc1CNCC1CCC(=O)N1,,COc1nc(-c2cccc(-c3cccc4c3CCC4Nc3nc(OC)c(CNCCO)cc3C(F)(F)F)c2Cl)ccc1CNCC1CCC(=O)N1,0.44904154539108276,0.44904155,0.44904155,-6.295174
COc1nc(-c2cccc(-c3cccc4c3CCC4Oc3ncc(CNCC(O)CO)cc3C(F)(F)F)c2Cl)ccc1CNCC1CCC(=O)N1,,COc1nc(-c2cccc(-c3cccc4c3CCC4Oc3ncc(CNCC(O)CO)cc3C(F)(F)F)c2Cl)ccc1CNCC1CCC(=O)N1,0.476284384727478,0.47628438,0.47628438,-5.878086
COc1nc(-c2cccc(-c3cccc(-c4cnc(CN5CCC(N(C)C(C)=O)C5)c(OC)n4)c3Cl)c2Cl)cnc1CNCC1CCC(=O)N1,,COc1nc(-c2cccc(-c3cccc(-c4cnc(CN5CCC(N(C)C(C)=O)C5)c(OC)n4)c3Cl)c2Cl)cnc1CNCC1CCC(=O)N1,0.47481241822242737,0.47481242,0.47481242,-5.900622
COc1nc(-c2cccc(-c3cccc(-c4cnc(C5=NCCN5)c(OC)n4)c3Cl)c2C)cnc1CN1CCC(O)C1C,,COc1nc(-c2cccc(-c3cccc(-c4cnc(C5=NCCN5)c(OC)n4)c3Cl)c2C)cnc1CN1CCC(O)C1C,0.5678039193153381,0.5678039,0.5678039,-4.476922
COc1nc(-c2cccc(-c3cccc(-c4cnc(CNC5CCCC5O)c(OC)n4)c3Cl)c2Cl)cnc1CNCC1CCC(=O)N1,,COc1nc(-c2cccc(-c3cccc(-c4cnc(CNC5CCCC5O)c(OC)n4)c3Cl)c2Cl)cnc1CNCC1CCC(=O)N1,0.46233394742012024,0.46233395,0.46233395,-6.091667
COc1nc(-c2cccc(-c3cccc(-c4cnc(CNCC5CCC(=O)N5)c(OC)n4)c3Cl)c2Cl)cnc1CNCC1CCC(O)C1,,COc1nc(-c2cccc(-c3cccc(-c4cnc(CNCC5CCC(=O)N5)c(OC)n4)c3Cl)c2Cl)cnc1CNCC1CCC(O)C1,0.4443829357624054,0.44438294,0.44438294,-6.366497
COc1nc(-c2cccc(-c3cccc(-c4cnc(CNCC5CCC(=O)N5)c(OC)n4)c3Cl)c2Cl)cnc1CNCC1CC(C)(O)C1,,COc1nc(-c2cccc(-c3cccc(-c4cnc(CNCC5CCC(=O)N5)c(OC)n4)c3Cl)c2Cl)cnc1CNCC1CC(C)(O)C1,0.4368170499801636,0.43681705,0.43681705,-6.482331
COc1nc(-c2cccc(-c3cccc(-c4cnc(CN5CCCC(C)(C(=O)O)C5)c(OC)n4)c3Cl)c2Cl)cnc1CN1CC(C(=O)O)C1,,COc1nc(-c2cccc(-c3cccc(-c4cnc(CN5CCCC(C)(C(=O)O)C5)c(OC)n4)c3Cl)c2Cl)cnc1CN1CC(C(=O)O)C1,0.4618085026741028,0.4618085,0.4618085,-6.099712
COc1nc(-c2cccc(-c3cccc(-c4cnc(CN5CCC(NC(C)=O)C5)c(OC)n4)c3Cl)c2Cl)cnc1CN1CC(O)C1,,COc1nc(-c2cccc(-c3cccc(-c4cnc(CN5CCC(NC(C)=O)C5)c(OC)n4)c3Cl)c2Cl)cnc1CN1CC(O)C1,0.5293715000152588,0.5293715,0.5293715,-5.065322
COc1nc(-c2cccc(-c3cccc(-c4cnc(CN5CC6(CNC(=O)C6)C5)c(OC)n4)c3Cl)c2Cl)cnc1CNCC1CCC(=O)N1,,COc1nc(-c2cccc(-c3cccc(-c4cnc(CN5CC6(CNC(=O)C6)C5)c(OC)n4)c3Cl)c2Cl)cnc1CNCC1CCC(=O)N1,0.5371220111846924,0.537122,0.537122,-4.9466624
COc1nc(-c2cccc(-c3cccc(-c4cnc(CN5CC(C)(O)C5)c(OC)n4)c3Cl)c2Cl)ccc1CNCC1CCC(=O)N1,,COc1nc(-c2cccc(-c3cccc(-c4cnc(CN5CC(C)(O)C5)c(OC)n4)c3Cl)c2Cl)ccc1CNCC1CCC(=O)N1,0.4533862769603729,0.45338628,0.45338628,-6.2286563
COc1nc(-c2cccc(-c3cccc(-c4cnc(C5=NCCN5)c(OC)n4)c3Cl)c2Cl)cnc1CN1CCCC(N)C1,,COc1nc(-c2cccc(-c3cccc(-c4cnc(C5=NCCN5)c(OC)n4)c3Cl)c2Cl)cnc1CN1CCCC(N)C1,0.4932379126548767,0.4932379,0.4932379,-5.6185274
COc1nc(-c2cccc(-c3cccc(-c4cnc(CN5CC(CO)C5)c(OC)n4)c3Cl)c2Cl)cnc1CNC1CCCC1O,,COc1nc(-c2cccc(-c3cccc(-c4cnc(CN5CC(CO)C5)c(OC)n4)c3Cl)c2Cl)cnc1CNC1CCCC1O,0.4539768099784851,0.4539768,0.4539768,-6.219615
COc1nc(-c2cccc(-c3cccc(-c4cnc(CNC5CCNCC5)c(OC)n4)c3Cl)c2Cl)ccc1CNCC1CNC(=O)C1,,COc1nc(-c2cccc(-c3cccc(-c4cnc(CNC5CCNCC5)c(OC)n4)c3Cl)c2Cl)ccc1CNCC1CNC(=O)C1,0.46397435665130615,0.46397436,0.46397436,-6.0665526
COc1nc(-c2cccc(-c3cccc(-c4cnc(CN5CCC(C(N)=O)C5)c(OC)n4)c3Cl)c2Cl)cnc1CNCC1CCC(=O)N1,,COc1nc(-c2cccc(-c3cccc(-c4cnc(CN5CCC(C(N)=O)C5)c(OC)n4)c3Cl)c2Cl)cnc1CNCC1CCC(=O)N1,0.5435468554496765,0.54354686,0.54354686,-4.848298
COc1nc(-c2cccc(-c3cccc(-c4cnc(CN5CC(NC(C)=O)C5)c(OC)n4)c3Cl)c2Cl)cnc1CNCC1CCC(=O)N1,,COc1nc(-c2cccc(-c3cccc(-c4cnc(CN5CC(NC(C)=O)C5)c(OC)n4)c3Cl)c2Cl)cnc1CNCC1CCC(=O)N1,0.5383708477020264,0.53837085,0.53837085,-4.927542
COc1nc(-c2cccc(-c3cccc(-c4cnc(CN5CCC(C)(O)C5)c(OC)n4)c3Cl)c2Cl)cnc1CN1CC(OC)C1,,COc1nc(-c2cccc(-c3cccc(-c4cnc(CN5CCC(C)(O)C5)c(OC)n4)c3Cl)c2Cl)cnc1CN1CC(OC)C1,0.4575839042663574,0.4575839,0.4575839,-6.1643906
COc1nc(-c2cccc(-c3cccc(-c4cnc(C5=NCCN5)c(OC)n4)c3Cl)c2Cl)cnc1CNCC1NC(=O)CCS1,,COc1nc(-c2cccc(-c3cccc(-c4cnc(C5=NCCN5)c(OC)n4)c3Cl)c2Cl)cnc1CNCC1NC(=O)CCS1,0.5056632161140442,0.5056632,0.5056632,-5.4282966
COc1nc(-c2cccc(-c3cccc(-c4cnc(CN5CC(NS(C)(=O)=O)C5)c(OC)n4)c3Cl)c2Cl)cnc1CN1CCC(O)C1,,COc1nc(-c2cccc(-c3cccc(-c4cnc(CN5CC(NS(C)(=O)=O)C5)c(OC)n4)c3Cl)c2Cl)cnc1CN1CCC(O)C1,0.5531134605407715,0.55311346,0.55311346,-4.701833
COc1nc(-c2cccc(-c3cccc4c3CCC4Oc3nc(OC)c(CNCCNC(C)=O)cc3Cl)c2Cl)ccc1CNCC1CCC(=O)N1,,COc1nc(-c2cccc(-c3cccc4c3CCC4Oc3nc(OC)c(CNCCNC(C)=O)cc3Cl)c2Cl)ccc1CNCC1CCC(=O)N1,0.4618067145347595,0.4618067,0.4618067,-6.099739
COc1nc(-c2cccc(-c3cccc(-c4cnc(CNCC5CCC(=O)N5)c(OC)n4)c3Cl)c2Cl)cnc1CNCC1CCC(=O)N1,,COc1nc(-c2cccc(-c3cccc(-c4cnc(CNCC5CCC(=O)N5)c(OC)n4)c3Cl)c2Cl)cnc1CNCC1CCC(=O)N1,0.5222741365432739,0.52227414,0.52227414,-5.1739826
COc1nc(-c2cccc(-c3cccc(-c4cnc(CN5CC(C)(O)C5)c(OC)n4)c3Cl)c2Cl)cnc1CNCCNC(C)=O,,COc1nc(-c2cccc(-c3cccc(-c4cnc(CN5CC(C)(O)C5)c(OC)n4)c3Cl)c2Cl)cnc1CNCCNC(C)=O,0.5280953645706177,0.52809536,0.52809536,-5.08486
COc1nc(-c2cccc(-c3cccc(-c4cnc(CN5CC(C)(O)C5)c(OC)n4)c3Cl)c2Cl)cnc1CNCC1CCC(=O)N1,,COc1nc(-c2cccc(-c3cccc(-c4cnc(CN5CC(C)(O)C5)c(OC)n4)c3Cl)c2Cl)cnc1CNCC1CCC(=O)N1,0.5139826536178589,0.51398265,0.51398265,-5.3009253
COc1nc(-c2cccc(-c3cccc(-c4cnc(CN5CC6(C(=O)O)CCC5CC6)c(OC)n4)c3Cl)c2Cl)cnc1CNCC1CCC(=O)N1,,COc1nc(-c2cccc(-c3cccc(-c4cnc(CN5CC6(C(=O)O)CCC5CC6)c(OC)n4)c3Cl)c2Cl)cnc1CNCC1CCC(=O)N1,0.4487296938896179,0.4487297,0.4487297,-6.299948
CCc1nc(-c2cccc(-c3cccc(-c4cnc(CN5CC6(CNC(=O)N6)C5)c(OC)n4)c3Cl)c2Cl)cnc1CN1CC(O)C1,,CCc1nc(-c2cccc(-c3cccc(-c4cnc(CN5CC6(CNC(=O)N6)C5)c(OC)n4)c3Cl)c2Cl)cnc1CN1CC(O)C1,0.5311396718025208,0.5311397,0.5311397,-5.038252
COc1nc(-c2cccc(-c3cccc(-c4cnc(CN5CC(O)C5)c(C)n4)c3Cl)c2Cl)cnc1CN1CC(CO)C1,,COc1nc(-c2cccc(-c3cccc(-c4cnc(CN5CC(O)C5)c(C)n4)c3Cl)c2Cl)cnc1CN1CC(CO)C1,0.5365707278251648,0.5365707,0.5365707,-4.9551024
COc1nc(-c2cccc(-c3cccc(-c4cnc(CN5CC(O)C5)c(OC)n4)c3Cl)c2Cl)cnc1CNCC1CCOC1,,COc1nc(-c2cccc(-c3cccc(-c4cnc(CN5CC(O)C5)c(OC)n4)c3Cl)c2Cl)cnc1CNCC1CCOC1,0.4891049563884735,0.48910496,0.48910496,-5.681803
COc1nc(-c2cccc(-c3cccc(-c4cnc(CN5CCC(C(=O)O)C5)c(OC)n4)c3Cl)c2Cl)cnc1CNCCc1cncc(O)c1,,COc1nc(-c2cccc(-c3cccc(-c4cnc(CN5CCC(C(=O)O)C5)c(OC)n4)c3Cl)c2Cl)cnc1CNCCc1cncc(O)c1,0.46118152141571045,0.46118152,0.46118152,-6.109311
CCOc1nc(-c2cccc(-c3cccc(-c4ccc(CNC5CC(C)(O)C5)c(OC)n4)c3Cl)c2Cl)cnc1CN1CCCC(C(N)=O)C1,,CCOc1nc(-c2cccc(-c3cccc(-c4ccc(CNC5CC(C)(O)C5)c(OC)n4)c3Cl)c2Cl)cnc1CN1CCCC(C(N)=O)C1,0.4365728199481964,0.43657282,0.43657282,-6.48607
COc1nc(-c2cccc(-c3cccc(-c4cnc(CN5CC(C(C)N)C5)c(OC)n4)c3Cl)c2Cl)cnc1CNCC1CC(O)C1,,COc1nc(-c2cccc(-c3cccc(-c4cnc(CN5CC(C(C)N)C5)c(OC)n4)c3Cl)c2Cl)cnc1CNCC1CC(O)C1,0.44966137409210205,0.44966137,0.44966137,-6.2856846
COc1nc(-c2cccc(-c3nccc4c3CCC4Oc3nc(OC)c(CN4CCC(C(=O)O)C4)cc3C(F)(F)F)c2Cl)ccc1CNCC1CCC(=O)N1,,COc1nc(-c2cccc(-c3nccc4c3CCC4Oc3nc(OC)c(CN4CCC(C(=O)O)C4)cc3C(F)(F)F)c2Cl)ccc1CNCC1CCC(=O)N1,0.5113338232040405,0.5113338,0.5113338,-5.341479
COc1nc(-c2cccc(-c3cccc(-c4cnc(CNCC5CCCO5)c(OC)n4)c3Cl)c2Cl)cnc1CNCC1CCC(=O)N1,,COc1nc(-c2cccc(-c3cccc(-c4cnc(CNCC5CCCO5)c(OC)n4)c3Cl)c2Cl)cnc1CNCC1CCC(=O)N1,0.4609187841415405,0.46091878,0.46091878,-6.113333
CNc1nc(-c2cccc(-c3cccc(-c4cnc(CN5CCC(O)C5)c(OC)n4)c3Cl)c2Cl)cnc1CN1CCC1,,CNc1nc(-c2cccc(-c3cccc(-c4cnc(CN5CCC(O)C5)c(OC)n4)c3Cl)c2Cl)cnc1CN1CCC1,0.4727320075035095,0.472732,0.472732,-5.932473
COc1nc(-c2cccc(-c3cccc(-c4cnc(CN5CC(O)C5)c(OC)n4)c3Cl)c2Cl)cnc1CNCC1CCC(=O)N1,,COc1nc(-c2cccc(-c3cccc(-c4cnc(CN5CC(O)C5)c(OC)n4)c3Cl)c2Cl)cnc1CNCC1CCC(=O)N1,0.5317004323005676,0.53170043,0.53170043,-5.0296664
COc1nc(-c2cccc(-c3cccc(-c4cnc(CNCC5CCC(=O)N5)c(OC)n4)c3Cl)c2Cl)cnc1CNCC1CCOC1,,COc1nc(-c2cccc(-c3cccc(-c4cnc(CNCC5CCC(=O)N5)c(OC)n4)c3Cl)c2Cl)cnc1CNCC1CCOC1,0.4861900806427002,0.48619008,0.48619008,-5.72643
COc1nc(OC2CCc3c(-c4cccc(-c5nc(OC)c(CNCCN6CCN(C)CC6)cc5Cl)c4Cl)cccc32)c(C(F)(F)F)cc1CN1CC2CCC2(C(=O)O)C1,,COc1nc(OC2CCc3c(-c4cccc(-c5nc(OC)c(CNCCN6CCN(C)CC6)cc5Cl)c4Cl)cccc32)c(C(F)(F)F)cc1CN1CC2CCC2(C(=O)O)C1,0.517997682094574,0.5179977,0.5179977,-5.2394557
COc1nc(-c2cccc(-c3cccc(-c4cnc(CN5CC6(CCC(=O)N6)C5)c(OC)n4)c3Cl)c2Cl)cnc1CNCC1CCC(=O)N1,,COc1nc(-c2cccc(-c3cccc(-c4cnc(CN5CC6(CCC(=O)N6)C5)c(OC)n4)c3Cl)c2Cl)cnc1CNCC1CCC(=O)N1,0.5173613429069519,0.51736134,0.51736134,-5.2491975
COc1nc(-c2cccc(-c3cccc(-c4cnc(CN(CCO)C(C)=O)c(OC)n4)c3Cl)c2Cl)cnc1CN1CCC1,,COc1nc(-c2cccc(-c3cccc(-c4cnc(CN(CCO)C(C)=O)c(OC)n4)c3Cl)c2Cl)cnc1CN1CCC1,0.4607290029525757,0.460729,0.460729,-6.116239
COc1nc(-c2cccc(-c3cccc(-c4cnc(CN5CC(O)C5)c(CN5CC(C)(O)C5)n4)c3Cl)c2)cnc1CN1CC2(CNC(=O)C2)C1,,COc1nc(-c2cccc(-c3cccc(-c4cnc(CN5CC(O)C5)c(CN5CC(C)(O)C5)n4)c3Cl)c2)cnc1CN1CC2(CNC(=O)C2)C1,0.5659860968589783,0.5659861,0.5659861,-4.5047526
COc1nc(-c2cccc(-c3cccc(-c4cnc(CNCC5CCC(=O)N5)c(OC)n4)c3Cl)c2Cl)ccc1CN1CC(O)C1,,COc1nc(-c2cccc(-c3cccc(-c4cnc(CNCC5CCC(=O)N5)c(OC)n4)c3Cl)c2Cl)ccc1CN1CC(O)C1,0.5342191457748413,0.53421915,0.53421915,-4.991105
COc1nc(-c2cccc(-c3cccc(-c4cnc(CNCC5CCC(=O)N5)c(OC)n4)c3Br)c2Cl)cnc1CNCC1CCC(=O)N1,,COc1nc(-c2cccc(-c3cccc(-c4cnc(CNCC5CCC(=O)N5)c(OC)n4)c3Br)c2Cl)cnc1CNCC1CCC(=O)N1,0.5280151963233948,0.5280152,0.5280152,-5.086087
COc1nc(-c2cccc(-c3cccc(-c4cnc(CNCC5CCC(=O)N5)c(OC)n4)c3Cl)c2Cl)ccc1CNCC1CCC(=O)N1,,COc1nc(-c2cccc(-c3cccc(-c4cnc(CNCC5CCC(=O)N5)c(OC)n4)c3Cl)c2Cl)ccc1CNCC1CCC(=O)N1,0.4673054814338684,0.46730548,0.46730548,-6.015553
COc1nc(-c2cccc(-c3cccc(-c4cnc(CN(C)CC(=O)O)c(OC)n4)c3Cl)c2F)cnc1CNCC1CCC(=O)N1,,COc1nc(-c2cccc(-c3cccc(-c4cnc(CN(C)CC(=O)O)c(OC)n4)c3Cl)c2F)cnc1CNCC1CCC(=O)N1,0.5558686852455139,0.5558687,0.5558687,-4.659651
COc1nc(-c2cccc(-c3cccc(-c4cnc(CN5CC(O)C5)c(N(C)S(C)(=O)=O)n4)c3Cl)c2Cl)cnc1CNCC1CCC(=O)N1,,COc1nc(-c2cccc(-c3cccc(-c4cnc(CN5CC(O)C5)c(N(C)S(C)(=O)=O)n4)c3Cl)c2Cl)cnc1CNCC1CCC(=O)N1,0.5401082038879395,0.5401082,0.5401082,-4.9009438
COc1nc(-c2cccc(-c3cccc(-c4cnc(CN5CC(O)C5)c(OC)n4)c3Cl)c2Cl)cnc1CNCC1CCS(=O)(=O)N1,,COc1nc(-c2cccc(-c3cccc(-c4cnc(CN5CC(O)C5)c(OC)n4)c3Cl)c2Cl)cnc1CNCC1CCS(=O)(=O)N1,0.5962404608726501,0.59624046,0.59624046,-4.0415587
COc1nc(-c2cccc(-c3cccc(-c4cnc(CN5CC(C)(O)C5)c(OC)n4)c3Cl)c2Cl)cnc1CN,,COc1nc(-c2cccc(-c3cccc(-c4cnc(CN5CC(C)(O)C5)c(OC)n4)c3Cl)c2Cl)cnc1CN,0.5467610359191895,0.54676104,0.54676104,-4.799089
COc1nc(OC2CCc3c(-c4cccc(-c5cnc(CN(C)CCO)c(OC)n5)c4Cl)cccc32)c(Cl)cc1CNC1CCNC1=O,,COc1nc(OC2CCc3c(-c4cccc(-c5cnc(CN(C)CCO)c(OC)n5)c4Cl)cccc32)c(Cl)cc1CNC1CCNC1=O,0.48736757040023804,0.48736757,0.48736757,-5.7084026
COc1nc(-c2cccc(-c3cccc(-c4cnc(CNC5CCN(C)CC5)c(OC)n4)c3Cl)c2Cl)cnc1CNCCN1CCNC1=O,,COc1nc(-c2cccc(-c3cccc(-c4cnc(CNC5CCN(C)CC5)c(OC)n4)c3Cl)c2Cl)cnc1CNCCN1CCNC1=O,0.5244886875152588,0.5244887,0.5244887,-5.140078
COc1cc(-c2cccc(-c3cccc(-c4cnc(CN5CCC(CCO)C5)c(OC)n4)c3Cl)c2Cl)cnc1CO,,COc1cc(-c2cccc(-c3cccc(-c4cnc(CN5CCC(CCO)C5)c(OC)n4)c3Cl)c2Cl)cnc1CO,0.4166744351387024,0.41667444,0.41667444,-6.7907143
COc1nc(-c2cccc(-c3cccc(-c4cnc(CN5CC(OC)C5)c(OC)n4)c3Cl)c2Cl)cnc1CNCC1CCCC1O,,COc1nc(-c2cccc(-c3cccc(-c4cnc(CN5CC(OC)C5)c(OC)n4)c3Cl)c2Cl)cnc1CNCC1CCCC1O,0.43909117579460144,0.43909118,0.43909118,-6.447514
CCNS(C)(=O)=NC(=O)C1CCN(Cc2ncc(-c3cccc(-c4cccc(-c5cnc(CNCC6CCC(=O)N6)c(OC)n5)c4Cl)c3Cl)nc2OC)C1,,CCNS(C)(=O)=NC(=O)C1CCN(Cc2ncc(-c3cccc(-c4cccc(-c5cnc(CNCC6CCC(=O)N6)c(OC)n5)c4Cl)c3Cl)nc2OC)C1,0.46165701746940613,0.46165702,0.46165702,-6.102031
COc1nc(-c2cccc(-c3cccc(-c4cnc(C5CC5)c(CNC(CO)C(=O)O)n4)c3Cl)c2Cl)cnc1CN1CC(O)C(CO)C1,,COc1nc(-c2cccc(-c3cccc(-c4cnc(C5CC5)c(CNC(CO)C(=O)O)n4)c3Cl)c2Cl)cnc1CN1CC(O)C(CO)C1,0.5437140464782715,0.54371405,0.54371405,-4.845738
COCC1CN(Cc2ncc(-c3cccc(-c4cccc(-c5cnc(CNCC6CCC(=O)N6)c(OC)n5)c4F)c3Cl)nc2C)C1,,COCC1CN(Cc2ncc(-c3cccc(-c4cccc(-c5cnc(CNCC6CCC(=O)N6)c(OC)n5)c4F)c3Cl)nc2C)C1,0.4648430645465851,0.46484306,0.46484306,-6.0532527
COc1nc(-c2cccc(-c3cccc(-c4cnc(CNC5CC5)c(OC)n4)c3Cl)c2Cl)cnc1CNC(CO)CO,,COc1nc(-c2cccc(-c3cccc(-c4cnc(CNC5CC5)c(OC)n4)c3Cl)c2Cl)cnc1CNC(CO)CO,0.5308254957199097,0.5308255,0.5308255,-5.0430613
COc1nc(-c2cccc(-c3cccc(-c4cnc(CNCC5CCC(=O)N5)c(OC)n4)c3F)c2Cl)ccc1CN1CCOCC1,,COc1nc(-c2cccc(-c3cccc(-c4cnc(CNCC5CCC(=O)N5)c(OC)n4)c3F)c2Cl)ccc1CN1CCOCC1,0.4802533686161041,0.48025337,0.48025337,-5.817321
COc1nc(-c2cccc(-c3cccc4c3CCC4Oc3nc(OC)c(CNCCN(C)C)cc3Cl)c2Cl)ccc1CNCC1CCC(=O)N1,,COc1nc(-c2cccc(-c3cccc4c3CCC4Oc3nc(OC)c(CNCCN(C)C)cc3Cl)c2Cl)ccc1CNCC1CCC(=O)N1,0.4653623104095459,0.4653623,0.4653623,-6.045303
COc1nc(-c2cccc(-c3cccc(-c4cnc(CNCC(O)CO)c(OC)n4)c3Cl)c2Cl)cnc1CN,,COc1nc(-c2cccc(-c3cccc(-c4cnc(CNCC(O)CO)c(OC)n4)c3Cl)c2Cl)cnc1CN,0.5955795049667358,0.5955795,0.5955795,-4.0516777
CCOc1nc(-c2cccc(-c3cccc4c3CCC4Oc3nc(OC)c(CNCC(F)(F)F)cc3Cl)c2Cl)ccc1CNCCNC(C)=O,,CCOc1nc(-c2cccc(-c3cccc4c3CCC4Oc3nc(OC)c(CNCC(F)(F)F)cc3Cl)c2Cl)ccc1CNCCNC(C)=O,0.438517302274704,0.4385173,0.4385173,-6.4563003
C#CC1(O)CN(Cc2ncc(-c3cccc(-c4cccc(-c5cnc(CN6CC(NC(C)=O)C6)c(OC)n5)c4Cl)c3Cl)nc2OC)C1,,C#CC1(O)CN(Cc2ncc(-c3cccc(-c4cccc(-c5cnc(CN6CC(NC(C)=O)C6)c(OC)n5)c4Cl)c3Cl)nc2OC)C1,0.52295982837677,0.5229598,0.5229598,-5.1634846
COc1nc(-c2cccc(-c3cccc(-c4cnc(CN5CC(C)(O)C5)c(OC)n4)c3Cl)c2Cl)cnc1CNC1CCOCC1C,,COc1nc(-c2cccc(-c3cccc(-c4cnc(CN5CC(C)(O)C5)c(OC)n4)c3Cl)c2Cl)cnc1CNC1CCOCC1C,0.4422481954097748,0.4422482,0.4422482,-6.39918
COc1nc(-c2cccc(-c3cncc(-c4nncc(CNC5CCOCC5)c4C)c3Cl)c2Cl)cnc1C1=NCCN1,,COc1nc(-c2cccc(-c3cncc(-c4nncc(CNC5CCOCC5)c4C)c3Cl)c2Cl)cnc1C1=NCCN1,0.43831512331962585,0.43831512,0.43831512,-6.4593954
COc1ccncc1CNCc1ncc(-c2cccc(-c3cccc(-c4cnc(CNCC5CCC(=O)N5)c(OC)n4)c3Cl)c2Cl)nc1OC,,COc1ccncc1CNCc1ncc(-c2cccc(-c3cccc(-c4cnc(CNCC5CCC(=O)N5)c(OC)n4)c3Cl)c2Cl)nc1OC,0.43642866611480713,0.43642867,0.43642867,-6.488277
COc1cncc(-c2cccc(-c3cccc(-c4cnc(CN5CC(N6CCC7(C6)CC(C)(C(=O)O)C7)C5)c(OC)n4)c3Cl)c2Cl)n1,,COc1cncc(-c2cccc(-c3cccc(-c4cnc(CN5CC(N6CCC7(C6)CC(C)(C(=O)O)C7)C5)c(OC)n4)c3Cl)c2Cl)n1,0.43433913588523865,0.43433914,0.43433914,-6.520268
COc1nc(-c2cccc(-c3cccc(-c4cnc(CN5CC(O)C5)c(C)n4)c3Cl)c2Cl)cnc1CN1CCNC(=O)C1C,,COc1nc(-c2cccc(-c3cccc(-c4cnc(CN5CC(O)C5)c(C)n4)c3Cl)c2Cl)cnc1CN1CCNC(=O)C1C,0.5446386337280273,0.54463863,0.54463863,-4.8315825
COc1nc(-c2cccc(-c3cccc(-c4cnc(CN5CC(O)C(F)C5)c(OC)n4)c3Cl)c2Cl)cnc1CNCC1CCC(=O)N1,,COc1nc(-c2cccc(-c3cccc(-c4cnc(CN5CC(O)C(F)C5)c(OC)n4)c3Cl)c2Cl)cnc1CNCC1CCC(=O)N1,0.5150300860404968,0.5150301,0.5150301,-5.2848897
COc1nc(-c2cccc(-c3cccc(-c4cncc(CNCC5CCC(=O)N5)n4)c3Cl)c2Cl)cnc1CNCC1CCC(=O)N1,,COc1nc(-c2cccc(-c3cccc(-c4cncc(CNCC5CCC(=O)N5)n4)c3Cl)c2Cl)cnc1CNCC1CCC(=O)N1,0.522383451461792,0.52238345,0.52238345,-5.172309
COc1nc(-c2cccc(-c3cccc(-c4cnc(CN5CC(N6CCOCC6)C5)c(OC)n4)c3Cl)c2Cl)cnc1CNCC1CCC(=O)N1,,COc1nc(-c2cccc(-c3cccc(-c4cnc(CN5CC(N6CCOCC6)C5)c(OC)n4)c3Cl)c2Cl)cnc1CNCC1CCC(=O)N1,0.5374603271484375,0.5374603,0.5374603,-4.9414825
COc1nc(-c2cccc(-c3cccc(-c4nc(C5CCN(CC6CCC(=O)N6)CC5)c(Cl)[nH]4)c3Cl)c2Cl)cnc1CNCC1CCC(=O)N1,,COc1nc(-c2cccc(-c3cccc(-c4nc(C5CCN(CC6CCC(=O)N6)CC5)c(Cl)[nH]4)c3Cl)c2Cl)cnc1CNCC1CCC(=O)N1,0.47168290615081787,0.4716829,0.4716829,-5.9485345
COc1nc(-c2cccc(-c3cccc(-c4cnc(CNCC5CCC(=O)N5)c(OC)n4)c3Cl)c2Cl)cnc1CNCCNCC1CCC(=O)N1,,COc1nc(-c2cccc(-c3cccc(-c4cnc(CNCC5CCC(=O)N5)c(OC)n4)c3Cl)c2Cl)cnc1CNCCNCC1CCC(=O)N1,0.5610513091087341,0.5610513,0.5610513,-4.580304
COc1nc(-c2c(F)ccc(-c3cccc4c3CCC4Oc3nc(OC)c(CN4CC5(C(=O)O)CCC4CC5)cc3Cl)c2Cl)ccc1CNCC1CCC(=O)N1,,COc1nc(-c2c(F)ccc(-c3cccc4c3CCC4Oc3nc(OC)c(CN4CC5(C(=O)O)CCC4CC5)cc3Cl)c2Cl)ccc1CNCC1CCC(=O)N1,0.44924113154411316,0.44924113,0.44924113,-6.292118
COc1nc(-c2cccc(-c3cccc(-c4cnc(CNCC5CCC(=O)N5)s4)c3Cl)c2Cl)cnc1CNCC1CC(O)C1,,COc1nc(-c2cccc(-c3cccc(-c4cnc(CNCC5CCC(=O)N5)s4)c3Cl)c2Cl)cnc1CNCC1CC(O)C1,0.4566537141799927,0.4566537,0.4566537,-6.178632
COc1cc(-c2cccc(-c3cccc(-c4cnc(CN5CC(C(=O)N=C(N)N)C5)c(OC)n4)c3Cl)c2Cl)cnc1CNCC1NC(=O)C2CCCC2N1,,COc1cc(-c2cccc(-c3cccc(-c4cnc(CN5CC(C(=O)N=C(N)N)C5)c(OC)n4)c3Cl)c2Cl)cnc1CNCC1NC(=O)C2CCCC2N1,0.5110759139060974,0.5110759,0.5110759,-5.3454275
C#CC1(O)CN(Cc2ncc(-c3cccc(-c4cccc(-c5cnc(CN6CC(O)C6)c(N(C)C)n5)c4Cl)c3Cl)nc2OC)C1,,C#CC1(O)CN(Cc2ncc(-c3cccc(-c4cccc(-c5cnc(CN6CC(O)C6)c(N(C)C)n5)c4Cl)c3Cl)nc2OC)C1,0.5411012768745422,0.5411013,0.5411013,-4.88574
COc1nc(-c2cccc(-c3cccc(-c4cnc(CN5CC6(CCC(=O)N6)C5)c(OC)n4)c3Cl)c2Cl)cnc1CNCC1CCCN1C,,COc1nc(-c2cccc(-c3cccc(-c4cnc(CN5CC6(CCC(=O)N6)C5)c(OC)n4)c3Cl)c2Cl)cnc1CNCC1CCCN1C,0.46400073170661926,0.46400073,0.46400073,-6.0661488
COc1nc(OC2CCc3c(-c4cccc(-c5cccc(OC6CCC(C(=O)O)CC6)c5Cl)c4Cl)cccc32)c(C(F)(F)F)cc1CNC(C(=O)O)C(C)C,,COc1nc(OC2CCc3c(-c4cccc(-c5cccc(OC6CCC(C(=O)O)CC6)c5Cl)c4Cl)cccc32)c(C(F)(F)F)cc1CNC(C(=O)O)C(C)C,0.44740986824035645,0.44740987,0.44740987,-6.320155
COc1nc(-c2cccc(-c3cccc(-c4ccc(C(=O)N5CCN(C)CC5)cn4)c3Cl)c2Cl)cnc1CNCCN1CCNC1=O,,COc1nc(-c2cccc(-c3cccc(-c4ccc(C(=O)N5CCN(C)CC5)cn4)c3Cl)c2Cl)cnc1CNCCN1CCNC1=O,0.5626115202903748,0.5626115,0.5626115,-4.556418
COc1nc(-c2cccc(-c3cnc(CNCCC4CNC(=O)C4)c(OC)n3)c2Cl)ccc1CNCC1CCC(=O)N1,,COc1nc(-c2cccc(-c3cnc(CNCCC4CNC(=O)C4)c(OC)n3)c2Cl)ccc1CNCC1CCC(=O)N1,0.5922377109527588,0.5922377,0.5922377,-4.102841
COc1nc(-c2cccc(-c3cccc(-c4cnc(CN5CCC(F)C5)c(OC)n4)c3Cl)c2Cl)cnc1CNC1CC(C)(O)C1,,COc1nc(-c2cccc(-c3cccc(-c4cnc(CN5CCC(F)C5)c(OC)n4)c3Cl)c2Cl)cnc1CNC1CC(C)(O)C1,0.4303087592124939,0.43030876,0.43030876,-6.581973
COc1nc(-c2cccc(-c3cccc(-c4cnc(CNCCN=S5(=O)CCCC5)nc4)c3Cl)c2Cl)cnc1CNCCO,,COc1nc(-c2cccc(-c3cccc(-c4cnc(CNCCN=S5(=O)CCCC5)nc4)c3Cl)c2Cl)cnc1CNCCO,0.482483446598053,0.48248345,0.48248345,-5.7831783
CCc1nc(-c2cccc(-c3cccc(-c4cnc(CNC(CO)C(=O)O)c(OC)n4)c3Cl)c2Cl)cnc1CNC(C)CC,,CCc1nc(-c2cccc(-c3cccc(-c4cnc(CNC(CO)C(=O)O)c(OC)n4)c3Cl)c2Cl)cnc1CNC(C)CC,0.4588632583618164,0.45886326,0.45886326,-6.1448035
COC1=C2C=C(CCC(NC3CCc4c(-c5cccc(-c6ccc(CNCC7CCCCC7)c(OC)n6)c5Cl)cccc43)=N1)C1(C(=O)O)CCN(C2)C1,,COC1=C2C=C(CCC(NC3CCc4c(-c5cccc(-c6ccc(CNCC7CCCCC7)c(OC)n6)c5Cl)cccc43)=N1)C1(C(=O)O)CCN(C2)C1,0.45018622279167175,0.45018622,0.45018622,-6.277649
COc1nc(-c2cccc(-c3cccc(-c4cnc(C5(F)CC(CO)N5)c(OC)n4)c3Cl)c2Cl)cnc1CNCC1CCC(=O)N1,,COc1nc(-c2cccc(-c3cccc(-c4cnc(C5(F)CC(CO)N5)c(OC)n4)c3Cl)c2Cl)cnc1CNCC1CCC(=O)N1,0.5245662927627563,0.5245663,0.5245663,-5.13889
COc1nc(-c2cccc(-c3cccc(-c4cnc(CNCc5cn(C6OCCC6O)nn5)c(OC)n4)c3Cl)c2Cl)cnc1CN,,COc1nc(-c2cccc(-c3cccc(-c4cnc(CNCc5cn(C6OCCC6O)nn5)c(OC)n4)c3Cl)c2Cl)cnc1CN,0.5613850355148315,0.56138504,0.56138504,-4.5751953
COc1nc(-c2cccc(-c3cccc(-c4nc(CN)ncc4C)c3Cl)c2Cl)cnc1CNCC1CCC(=O)N1,,COc1nc(-c2cccc(-c3cccc(-c4nc(CN)ncc4C)c3Cl)c2Cl)cnc1CNCC1CCC(=O)N1,0.5262868404388428,0.52628684,0.52628684,-5.112549
COc1nc(OC2CCc3c(-c4cccc(-c5cnc(CNC6CC6)nc5)c4Cl)cccc32)c(Cl)cc1CN1CCC(C(=O)O)C1,,COc1nc(OC2CCc3c(-c4cccc(-c5cnc(CNC6CC6)nc5)c4Cl)cccc32)c(Cl)cc1CN1CCC(C(=O)O)C1,0.46045830845832825,0.4604583,0.4604583,-6.1203833
COc1nc(-c2cccc(-c3ccc(CNC4CC(C)(O)C4)cc3CNc3ccc(C4CC4C(=O)O)c(F)c3)c2Cl)ccc1CNCC1CCC(=O)N1,,COc1nc(-c2cccc(-c3ccc(CNC4CC(C)(O)C4)cc3CNc3ccc(C4CC4C(=O)O)c(F)c3)c2Cl)ccc1CNCC1CCC(=O)N1,0.47394779324531555,0.4739478,0.4739478,-5.9138594
COc1nc(-c2cccc(-c3cccc(-c4cccc(-c5cnc(CN6CC7(C6)CN(C(C)=O)C7)c(OC)n5)c4Cl)c3Cl)c2F)cnc1CNCC1CCC(=O)N1,,COc1nc(-c2cccc(-c3cccc(-c4cccc(-c5cnc(CN6CC7(C6)CN(C(C)=O)C7)c(OC)n5)c4Cl)c3Cl)c2F)cnc1CNCC1CCC(=O)N1,0.45208364725112915,0.45208365,0.45208365,-6.2485995
CCN1CC(C)C(C)C(NCc2ncc(-c3cccc(-c4cccc(-c5cnc(CNCC6CCC(=O)N6)c(OC)n5)c4Cl)c3Cl)nc2OC)C1,,CCN1CC(C)C(C)C(NCc2ncc(-c3cccc(-c4cccc(-c5cnc(CNCC6CCC(=O)N6)c(OC)n5)c4Cl)c3Cl)nc2OC)C1,0.43953391909599304,0.43953392,0.43953392,-6.440736
COc1nc(-c2cccc(-c3ccc4c(c3)OCCO4)c2Cl)ccc1CNCCNC(C)=O,,COc1nc(-c2cccc(-c3ccc4c(c3)OCCO4)c2Cl)ccc1CNCCNC(C)=O,0.5814324617385864,0.58143246,0.58143246,-4.268269
COc1nc(-c2cccc(-c3cccc(-c4cnc(CNCCO)c(OC)n4)c3Cl)c2F)cnc1CN,,COc1nc(-c2cccc(-c3cccc(-c4cnc(CNCCO)c(OC)n4)c3Cl)c2F)cnc1CN,0.5850445628166199,0.58504456,0.58504456,-4.2129674
COc1nc(-c2cccc(-c3cccc4c3CCN4C(C)=O)c2Cl)ccc1CNCC1CCC(=O)N1,,COc1nc(-c2cccc(-c3cccc4c3CCN4C(C)=O)c2Cl)ccc1CNCC1CCC(=O)N1,0.5987204909324646,0.5987205,0.5987205,-4.003589
COc1nc(-c2cccc(-c3cccc(-c4cnc(OCC5COC(C)(C)O5)c(C)n4)c3F)c2Cl)cnc1CN1CC(C)(O)C1,,COc1nc(-c2cccc(-c3cccc(-c4cnc(OCC5COC(C)(C)O5)c(C)n4)c3F)c2Cl)cnc1CN1CC(C)(O)C1,0.46580740809440613,0.4658074,0.4658074,-6.0384884
COc1nc(-c2cccc(-c3cccc(-c4nnc(Nc5cccc(CNCCO)c5)o4)c3C)c2Cl)ccc1CNC1(C(=O)O)CCSCC1,,COc1nc(-c2cccc(-c3cccc(-c4nnc(Nc5cccc(CNCCO)c5)o4)c3C)c2Cl)ccc1CNC1(C(=O)O)CCSCC1,0.4471951127052307,0.4471951,0.4471951,-6.323443
COc1nc(-c2cccc(-c3cccc(-c4cnc(CN(C)CC5CCC(=O)N5)c(OC)n4)c3Cl)c2Cl)cnc1CNCC1CCC(=O)N1,,COc1nc(-c2cccc(-c3cccc(-c4cnc(CN(C)CC5CCC(=O)N5)c(OC)n4)c3Cl)c2Cl)cnc1CNCC1CCC(=O)N1,0.53053218126297,0.5305322,0.5305322,-5.047552
COc1nc(-c2cccc(-c3cccc(-c4cc(C)nn4C)c3Cl)c2Cl)cnc1CNCC1CC(O)C1,,COc1nc(-c2cccc(-c3cccc(-c4cc(C)nn4C)c3Cl)c2Cl)cnc1CNCC1CC(O)C1,0.44952771067619324,0.4495277,0.4495277,-6.2877307
COc1nc(-c2cccc(-c3cccc(-c4cnc(CN5CC6(CNC(=O)C6)C5)c(OC)n4)c3Cl)c2Cl)cnc1CNC1CCC(C)(OC)C1,,COc1nc(-c2cccc(-c3cccc(-c4cnc(CN5CC6(CNC(=O)C6)C5)c(OC)n4)c3Cl)c2Cl)cnc1CNC1CCC(C)(OC)C1,0.4452775716781616,0.44527757,0.44527757,-6.3528004
COc1nc(-c2cccc(-c3cccc(-c4ccc(CN5CCC(O)C5)c(OC)n4)c3Cl)c2Cl)ccc1CNCCO,,COc1nc(-c2cccc(-c3cccc(-c4ccc(CN5CCC(O)C5)c(OC)n4)c3Cl)c2Cl)ccc1CNCCO,0.4692933261394501,0.46929333,0.46929333,-5.9851193
COC1=C(CN2CC(C)(O)C2)C=C(C(F)(F)F)c2c(-c3cccc(-c4ccc(CNCC5CCC(=O)N5)c(OC)n4)c3Cl)cccc2C2CCC(=N1)O2,,COC1=C(CN2CC(C)(O)C2)C=C(C(F)(F)F)c2c(-c3cccc(-c4ccc(CNCC5CCC(=O)N5)c(OC)n4)c3Cl)cccc2C2CCC(=N1)O2,0.4167356491088867,0.41673565,0.41673565,-6.7897773
COc1nc(-c2cccc(-c3cccc(-c4cnc(CN5CCC(C#N)CC5)c(OC)n4)c3Cl)c2Cl)cnc1CNCC1CCC1,,COc1nc(-c2cccc(-c3cccc(-c4cnc(CN5CCC(C#N)CC5)c(OC)n4)c3Cl)c2Cl)cnc1CNCC1CCC1,0.42684242129325867,0.42684242,0.42684242,-6.6350427
CONC1CN(Cc2ncc(-c3cccc(-c4cccc(-c5cnc(CN6CC(C)(N)C6)c(OC)n5)c4Cl)c3Cl)nc2OC)C1,,CONC1CN(Cc2ncc(-c3cccc(-c4cccc(-c5cnc(CN6CC(C)(N)C6)c(OC)n5)c4Cl)c3Cl)nc2OC)C1,0.5471031665802002,0.54710317,0.54710317,-4.7938504
COc1nc(-c2cccc(-c3cccc(-c4nc(C)c(CN5CC6(C5)CN(C(C)=O)C6)c(OC)n4)c3Cl)c2Cl)ccc1CN1CC(N2CCCC2C)C1,,COc1nc(-c2cccc(-c3cccc(-c4nc(C)c(CN5CC6(C5)CN(C(C)=O)C6)c(OC)n4)c3Cl)c2Cl)ccc1CN1CC(N2CCCC2C)C1,0.4789513945579529,0.4789514,0.4789514,-5.837254
COc1nc(-c2cccc(-c3cccc4c3CCC(NCC3CCC(=O)N3)C4O)c2Cl)ccc1CNCC1CCC(=O)N1,,COc1nc(-c2cccc(-c3cccc4c3CCC(NCC3CCC(=O)N3)C4O)c2Cl)ccc1CNCC1CCC(=O)N1,0.5981031060218811,0.5981031,0.5981031,-4.013041
COC1=C(CNC2CC(C)(O)C2)N=CC(c2cccc(-c3cnc(CNCC4CCC(=O)N4)c(OC)n3)c2Cl)=C(Cl)C2=CC=CC2=N1,,COC1=C(CNC2CC(C)(O)C2)N=CC(c2cccc(-c3cnc(CNCC4CCC(=O)N4)c(OC)n3)c2Cl)=C(Cl)C2=CC=CC2=N1,0.5039505362510681,0.50395054,0.50395054,-5.454517
COc1nc(-c2cccc(-c3cccc(-c4ccc(CNCC5CCC(=O)N5)c(C)c4)c3Cl)c2Cl)cnc1CN1CCC(F)C1,,COc1nc(-c2cccc(-c3cccc(-c4ccc(CNCC5CCC(=O)N5)c(C)c4)c3Cl)c2Cl)cnc1CN1CCC(F)C1,0.43921297788619995,0.43921298,0.43921298,-6.445649
COc1nc(-c2cccc(-c3cccc(-c4cnc(CN5CC(F)C5)c(OC)n4)c3Cl)c2Cl)cnc1CNCC1CCC(=O)N1,,COc1nc(-c2cccc(-c3cccc(-c4cnc(CN5CC(F)C5)c(OC)n4)c3Cl)c2Cl)cnc1CNCC1CCC(=O)N1,0.44465628266334534,0.44465628,0.44465628,-6.3623123
COc1nc(OC2CCc3c(-c4cccc(-c5ccc(OCC6(N)CCC6)c(Cl)c5)c4Cl)cccc32)c(Cl)cc1CN1CC2(C(=O)O)CCC1CC2,,COc1nc(OC2CCc3c(-c4cccc(-c5ccc(OCC6(N)CCC6)c(Cl)c5)c4Cl)cccc32)c(Cl)cc1CN1CC2(C(=O)O)CCC1CC2,0.4523722529411316,0.45237225,0.45237225,-6.2441807
COc1nc(NC2CCc3c(-c4cccc(-c5ccc(CNCC6CCC(=O)N6)c(OC)c5C)c4Cl)cccc32)c(C(F)(F)F)nc1CNC1CC(C)(O)C1,,COc1nc(NC2CCc3c(-c4cccc(-c5ccc(CNCC6CCC(=O)N6)c(OC)c5C)c4Cl)cccc32)c(C(F)(F)F)nc1CNC1CC(C)(O)C1,0.430817574262619,0.43081757,0.43081757,-6.574183
CNc1nnc(-c2cccc(-c3cccc(-c4cnc(CNCC5CCC(=O)N5)c(OC)n4)c3Cl)c2Cl)o1,,CNc1nnc(-c2cccc(-c3cccc(-c4cnc(CNCC5CCC(=O)N5)c(OC)n4)c3Cl)c2Cl)o1,0.5105450749397278,0.5105451,0.5105451,-5.3535547
COc1nc(-c2cccc(-c3cccc4c3CCC4Nc3nc(OC)c(CN4CC5CC(C(O)=NO)(C5)C4)cc3Cl)c2Cl)ccc1CNCC1CCC(=O)N1,,COc1nc(-c2cccc(-c3cccc4c3CCC4Nc3nc(OC)c(CN4CC5CC(C(O)=NO)(C5)C4)cc3Cl)c2Cl)ccc1CNCC1CCC(=O)N1,0.45748183131217957,0.45748183,0.45748183,-6.165953
COc1ncc(CN2CCCC2CNCc2ncc(-c3cccc(-c4cccc(-c5cnc(CNCC6CCC(=O)N6)c(OC)n5)c4Cl)c3Cl)nc2OC)cc1CNCCNC(C)=O,,COc1ncc(CN2CCCC2CNCc2ncc(-c3cccc(-c4cccc(-c5cnc(CNCC6CCC(=O)N6)c(OC)n5)c4Cl)c3Cl)nc2OC)cc1CNCCNC(C)=O,0.498149037361145,0.49814904,0.49814904,-5.5433383
COc1nc(-c2cccc(-c3cnc(C(=O)NC4CC(C)(O)C4)c(OC)n3)c2Cl)cnc1CNCC1CCC(=O)N1,,COc1nc(-c2cccc(-c3cnc(C(=O)NC4CC(C)(O)C4)c(OC)n3)c2Cl)cnc1CNCC1CCC(=O)N1,0.5850574970245361,0.5850575,0.5850575,-4.2127695
COc1ccc(CNCc2ncc(-c3cccc(-c4cccc(-c5cnc(CNCC6CCCO6)c(OC)n5)c4)c3Cl)nc2OC)nc1OC,,COc1ccc(CNCc2ncc(-c3cccc(-c4cccc(-c5cnc(CNCC6CCCO6)c(OC)n5)c4)c3Cl)nc2OC)nc1OC,0.465535044670105,0.46553504,0.46553504,-6.0426583
COc1nc(-c2cccc(-c3cccc(-c4cnc(CNCC5CCC(=O)N5)c(OC)n4)c3Cl)c2Cl)cnc1CNCc1ccc(O)c(Br)c1,,COc1nc(-c2cccc(-c3cccc(-c4cnc(CNCC5CCC(=O)N5)c(OC)n4)c3Cl)c2Cl)cnc1CNCc1ccc(O)c(Br)c1,0.421420693397522,0.4214207,0.4214207,-6.718049
COc1nc(-c2cccc(-c3cccc(-c4ccc(OCCF)c(CN5CC6(CCOC6)C5)c4Cl)c3Cl)c2Cl)cnc1CN1CC2(CCC(=O)N2)C1,,COc1nc(-c2cccc(-c3cccc(-c4ccc(OCCF)c(CN5CC6(CCOC6)C5)c4Cl)c3Cl)c2Cl)cnc1CN1CC2(CCC(=O)N2)C1,0.4251658618450165,0.42516586,0.42516586,-6.660711
COc1nc(-c2cccc(-c3cc4c(nc3OC)OCC4)c2Cl)ccc1CNCC1CCC(=O)N1,,COc1nc(-c2cccc(-c3cc4c(nc3OC)OCC4)c2Cl)ccc1CNCC1CCC(=O)N1,0.5748454332351685,0.57484543,0.57484543,-4.3691163
COc1nc(-c2cccc(-c3cccc4onc(C)c34)c2Cl)cnc1CNCC1CCC(=O)N1,,COc1nc(-c2cccc(-c3cccc4onc(C)c34)c2Cl)cnc1CNCC1CCC(=O)N1,0.5820884704589844,0.5820885,0.5820885,-4.258226
COc1nc(-c2cccc(-c3cccc(CN4C(=O)CCC4c4ncnc5ccc(-c6cccc(CO)c6)nc45)c3Cl)c2Cl)cnc1CNCCCN1CCCC1,,COc1nc(-c2cccc(-c3cccc(CN4C(=O)CCC4c4ncnc5ccc(-c6cccc(CO)c6)nc45)c3Cl)c2Cl)cnc1CNCCCN1CCCC1,0.4289083182811737,0.42890832,0.42890832,-6.6034136
COc1nc(-c2cccc(-c3cccc(-c4cnc(CNCC5CCC(=O)N5)c(OC)n4)c3Cl)c2Cl)cnc1CNCc1ccc2c(c1)OCCO2,,COc1nc(-c2cccc(-c3cccc(-c4cnc(CNCC5CCC(=O)N5)c(OC)n4)c3Cl)c2Cl)cnc1CNCc1ccc2c(c1)OCCO2,0.43357500433921814,0.433575,0.433575,-6.5319667
COc1cc(-c2cccc(-c3cccc(-c4cnc(CNCC5CCC(=O)N5)c(OC)n4)c3Cl)c2Cl)nc(OC)c1CN1CCCC(Nc2ccc(CNCCO)cn2)C1=O,,COc1cc(-c2cccc(-c3cccc(-c4cnc(CNCC5CCC(=O)N5)c(OC)n4)c3Cl)c2Cl)nc(OC)c1CN1CCCC(Nc2ccc(CNCCO)cn2)C1=O,0.45952025055885315,0.45952025,0.45952025,-6.134745
COc1nc(-c2cccc(-c3ccc4c(c3)OCCO4)c2Cl)ccc1CNCC1CCC(=O)N1,,COc1nc(-c2cccc(-c3ccc4c(c3)OCCO4)c2Cl)ccc1CNCC1CCC(=O)N1,0.5800078511238098,0.58000785,0.58000785,-4.2900796
COc1nc(-c2cccc(-c3cccc(-c4cnc(CN5CCC(CO)(CO)C5)c(OC)n4)c3Cl)c2Cl)cnc1CNC(=O)c1c(F)ccc(-c2ccnc(Cl)n2)c1F,,COc1nc(-c2cccc(-c3cccc(-c4cnc(CN5CCC(CO)(CO)C5)c(OC)n4)c3Cl)c2Cl)cnc1CNC(=O)c1c(F)ccc(-c2ccnc(Cl)n2)c1F,0.42685920000076294,0.4268592,0.4268592,-6.6347857
COc1nc(-c2cccc(-c3ccccc3Cl)c2Cl)ccc1CNCC1CCC(=O)N1,,COc1nc(-c2cccc(-c3ccccc3Cl)c2Cl)ccc1CNCC1CCC(=O)N1,0.4681006669998169,0.46810067,0.46810067,-6.003379
COc1nc(-c2cccc(-c3cccc4c3CCC4OCC3NC(=O)CC3c3cccc(-c4ccccc4)c3C)c2Cl)ccc1CNC1CCC(C)(O)C1,,COc1nc(-c2cccc(-c3cccc4c3CCC4OCC3NC(=O)CC3c3cccc(-c4ccccc4)c3C)c2Cl)ccc1CNC1CCC(C)(O)C1,0.40640804171562195,0.40640804,0.40640804,-6.9478927
COc1nc(-c2cccc(-c3ccc(CNCC4CCC(=O)N4)c(OC)n3)c2Cl)ccc1CNCC1CCC(=O)N1,,COc1nc(-c2cccc(-c3ccc(CNCC4CCC(=O)N4)c(OC)n3)c2Cl)ccc1CNCC1CCC(=O)N1,0.5839515328407288,0.58395153,0.58395153,-4.2297025
Cc1cc(C(=O)Nc2cccc(-c3cccc(NC(=O)c4cc(C)c(CNC(CCO)C(=O)O)cn4)c3C)c2C)ncc1CNC(CO)C(=O)O,,Cc1cc(C(=O)Nc2cccc(-c3cccc(NC(=O)c4cc(C)c(CNC(CCO)C(=O)O)cn4)c3C)c2C)ncc1CNC(CO)C(=O)O,0.5761024355888367,0.57610244,0.57610244,-4.349872
COc1nc(-c2cccc(-c3cccc(-c4cnc5nscc5n4)c3C)c2Cl)cnc1CN1CCOCC1,,COc1nc(-c2cccc(-c3cccc(-c4cnc5nscc5n4)c3C)c2Cl)cnc1CN1CCOCC1,0.4612197279930115,0.46121973,0.46121973,-6.108726
COC1=Nc2c(-c3cccc(-c4ccc(CNCC5CCC(=O)N5)c(OC)n4)c3Cl)cccc2C2C=CC(=C(Cl)C=C1CN1CC(O)C(C)(C)C1)O2,,COC1=Nc2c(-c3cccc(-c4ccc(CNCC5CCC(=O)N5)c(OC)n4)c3Cl)cccc2C2C=CC(=C(Cl)C=C1CN1CC(O)C(C)(C)C1)O2,0.43180572986602783,0.43180573,0.43180573,-6.5590544
COc1nc(-c2cccc(-c3cccc(-c4cccc5[nH]cnc45)c3Cl)c2Cl)ccc1CNCC1CCC(=O)N1,,COc1nc(-c2cccc(-c3cccc(-c4cccc5[nH]cnc45)c3Cl)c2Cl)ccc1CNCC1CCC(=O)N1,0.4285587668418884,0.42855877,0.42855877,-6.608765
COc1nc(-c2cccc(-c3ccc4oc(-c5cccc(CO)c5)nc4c3)c2Cl)cnc1CNCC1CCCO1,,COc1nc(-c2cccc(-c3ccc4oc(-c5cccc(CO)c5)nc4c3)c2Cl)cnc1CNCC1CCCO1,0.44042760133743286,0.4404276,0.4404276,-6.4270535
COc1nc(-c2cccc(-c3ccc4c(c3)OCCO4)c2Cl)ccc1CNC1CC(C)(O)C1,,COc1nc(-c2cccc(-c3ccc4c(c3)OCCO4)c2Cl)ccc1CNC1CC(C)(O)C1,0.4829801619052887,0.48298016,0.48298016,-5.7755737
COc1nc(-c2cccc(-c3cccc4c3CCC4Oc3c(Cl)cc(CNC4(CO)CCCC4)cc3Cl)c2Cl)ccc1CNCC1CCC(=O)N1,,COc1nc(-c2cccc(-c3cccc4c3CCC4Oc3c(Cl)cc(CNC4(CO)CCCC4)cc3Cl)c2Cl)ccc1CNCC1CCC(=O)N1,0.44504961371421814,0.4450496,0.4450496,-6.3562903
CCNCc1ncc(-c2cccc(-c3cccc(-c4cnc(C5=NCCN5)c(Cl)c4)c3Cl)c2F)nc1OC,,CCNCc1ncc(-c2cccc(-c3cccc(-c4cnc(C5=NCCN5)c(Cl)c4)c3Cl)c2F)nc1OC,0.4307584762573242,0.43075848,0.43075848,-6.5750875
COc1nc(-c2cccc(-c3cccc4c3CCC4Nc3cccc(C(=O)NO)c3)c2Cl)c(Cl)cc1CN1CCC(C(N)=O)C1,,COc1nc(-c2cccc(-c3cccc4c3CCC4Nc3cccc(C(=O)NO)c3)c2Cl)c(Cl)cc1CN1CCC(C(N)=O)C1,0.45465150475502014,0.4546515,0.4546515,-6.2092853
COc1nc(-c2cccc(-c3cccc4c3CCC4Oc3ccc(CNC4(c5ccccn5)C(=O)c5ccccc5C4=O)cc3Cl)c2Cl)ccc1CNCC1CC(C)(O)C1,,COc1nc(-c2cccc(-c3cccc4c3CCC4Oc3ccc(CNC4(c5ccccn5)C(=O)c5ccccc5C4=O)cc3Cl)c2Cl)ccc1CNCC1CC(C)(O)C1,0.41909047961235046,0.41909048,0.41909048,-6.7537246
COc1nc(-c2cccc(-c3cccc(-c4cccc5nncn45)c3Cl)c2Cl)cnc1CN1CC(O)C1,,COc1nc(-c2cccc(-c3cccc(-c4cccc5nncn45)c3Cl)c2Cl)cnc1CN1CC(O)C1,0.4565795361995697,0.45657954,0.45657954,-6.179767
COc1nc(-c2cccc(-c3ccccc3)c2Cl)ccc1CNCC1CCC(=O)N1,,COc1nc(-c2cccc(-c3ccccc3)c2Cl)ccc1CNCC1CCC(=O)N1,0.566733181476593,0.5667332,0.5667332,-4.4933147
CC(=O)N1CC2(CN(Cc3ncc(-c4cccc(-c5cccc(-c6cnc(CNCC7CCC(=O)N7)cn6)c5Cl)c4Cl)nc3Cl)C2)C1,,CC(=O)N1CC2(CN(Cc3ncc(-c4cccc(-c5cccc(-c6cnc(CNCC7CCC(=O)N7)cn6)c5Cl)c4Cl)nc3Cl)C2)C1,0.4861696660518646,0.48616967,0.48616967,-5.7267423
